Title,Artist,Nationality,BeginDatepos,BeginDate,EndDatepos,EndDate,Gender,moma,count,Date,MediumA,Medium,Dimensions,CreditLine,Classification,Department,  Acquired Year,DateAcquired,URL,ThumbnailURL,Height,Width ,HxWcm
Untitled from Self-Portrait in a Convex Mirror,Elaine de Kooning,(American),1920,-1920,1989,-1989,(Female),1,,1984,Mixed Printmaking,"Lithograph from an illustrated book with four lithographs, one offset lithograph, one woodcut, one etching with aquatint, one photogravure with hand additions, and one record","composition and sheet (diameter, approx.): 17 15/16"" (45.5 cm)",Given anonymously in memory of Arnold and Miriam Elkind,Illustrated Book,Drawings & Prints,1995,1/24/95,http://www.moma.org/collection/works/10859,http://www.moma.org/media/W1siZiIsIjI1OTI5MCJdLFsicCIsImNvbnZlcnQiLCItcmVzaXplIDMwMHgzMDBcdTAwM2UiXV0.jpg?sha=f521b55c2430a0cd,45.5,0,
Plate (folio 35 verso) from In Memory of My Feelings,Elaine de Kooning,(American),1920,-1920,1989,-1989,(Female),2,,1967,Lithograph,One from an illustrated book with forty-six lithographs,"composition (irreg.): 8 13/16 x 7 5/16"" (22.4 x 18.5cm); page: 11 15/16 x 9"" (30.4 x 22.8 cm)",Gift of The Museum of Modern Art Department of Publications,Illustrated Book,Drawings & Prints,1968,2/5/68,http://www.moma.org/collection/works/11174,http://www.moma.org/media/W1siZiIsIjMwMzMyNyJdLFsicCIsImNvbnZlcnQiLCItcmVzaXplIDMwMHgzMDBcdTAwM2UiXV0.jpg?sha=7cc3f86dddb47f3c,22.4,18.5,414.4
Bullfight,Elaine de Kooning,(American),1920,-1920,1989,-1989,(Female),3,,1960,Acrylic,Acrylic on paper,"19 1/4 x 24 5/8"" (49 x 62.5 cm)",Larry Aldrich Foundation Fund,Drawing,Drawings & Prints,1961,4/11/61,http://www.moma.org/collection/works/34171,http://www.moma.org/media/W1siZiIsIjE2OTA0NiJdLFsicCIsImNvbnZlcnQiLCItcmVzaXplIDMwMHgzMDBcdTAwM2UiXV0.jpg?sha=beed3eee2d5dcb75,48.9,62.5,3056.25
Torchlight Cave Drawing VII,Elaine de Kooning,(American),1920,-1920,1989,-1989,(Female),4,,1985,Aquatint,Aquatint,"plate: 11 15/16 × 14 13/16"" (30.4 × 37.7 cm); sheet (irreg.): 20 1/16 × 26 1/8"" (51 × 66.3 cm)",Gift of Crown Point Press in celebration of its 25th anniversary,Print,Drawings & Prints,1987,5/14/87,http://www.moma.org/collection/works/63105,http://www.moma.org/media/W1siZiIsIjIxNTA4OCJdLFsicCIsImNvbnZlcnQiLCItcmVzaXplIDMwMHgzMDBcdTAwM2UiXV0.jpg?sha=839e352e8a249caf,30.4,37.7,1146.08
Les Eyzies,Elaine de Kooning,(American),1920,-1920,1989,-1989,(Female),5,,1985,Aquatint,Aquatint,"plate: 24 3/16 × 36 1/16"" (61.4 × 91.6 cm); sheet: 30 3/4 × 44 5/16"" (78.1 × 112.6 cm)",Gift of Mr. and Mrs. Edmond Luyckx,Print,Drawings & Prints,1986,1/9/86,http://www.moma.org/collection/works/69644,http://www.moma.org/media/W1siZiIsIjM5NDI3NSJdLFsicCIsImNvbnZlcnQiLCItcmVzaXplIDMwMHgzMDBcdTAwM2UiXV0.jpg?sha=36b0f44bd9b4e659,61.4,91.6,5624.24
Preparatory drawing for In Memory of My Feelings,Elaine de Kooning,(American),1920,-1920,1989,-1989,(Female),6,,1967,Ink,Ink on acetate,"13 7/8 x 11"" (35.3 x 27.9 cm)",Gift of the artist,Drawing,Drawings & Prints,1967,10/18/67,http://www.moma.org/collection/works/108221,http://www.moma.org/media/W1siZiIsIjMwOTAyNiJdLFsicCIsImNvbnZlcnQiLCItcmVzaXplIDMwMHgzMDBcdTAwM2UiXV0.jpg?sha=43634e764a9ab5cb,35.3,27.9,984.87
Unused preparatory drawing for In Memory of My Feelings,Elaine de Kooning,(American),1920,-1920,1989,-1989,(Female),7,,1967,Ink,Ink on acetate,"13 15/16 x 11"" (35.4 x 27.9 cm)",Gift of the artist,Drawing,Drawings & Prints,1967,10/18/67,http://www.moma.org/collection/works/125390,http://www.moma.org/media/W1siZiIsIjMwOTAyNyJdLFsicCIsImNvbnZlcnQiLCItcmVzaXplIDMwMHgzMDBcdTAwM2UiXV0.jpg?sha=527dd31f2e9964d2,35.4,27.9,987.66
Unused preparatory drawing for In Memory of My Feelings,Elaine de Kooning,(American),1920,-1920,1989,-1989,(Female),8,,1967,Ink,Ink on acetate,"13 15/16 x 11"" (35.4 x 27.9 cm)",Gift of the artist,Drawing,Drawings & Prints,1967,10/18/67,http://www.moma.org/collection/works/125391,http://www.moma.org/media/W1siZiIsIjMwOTAzMCJdLFsicCIsImNvbnZlcnQiLCItcmVzaXplIDMwMHgzMDBcdTAwM2UiXV0.jpg?sha=f3e4327b189ec67f,35.4,27.9,987.66
Unused preparatory drawing for In Memory of My Feelings,Elaine de Kooning,(American),1920,-1920,1989,-1989,(Female),9,,1967,Ink,Ink on acetate,"13 7/8 x 11"" (35.3 x 27.9 cm)",Gift of the artist,Drawing,Drawings & Prints,1967,10/18/67,http://www.moma.org/collection/works/125392,http://www.moma.org/media/W1siZiIsIjMwOTk4NSJdLFsicCIsImNvbnZlcnQiLCItcmVzaXplIDMwMHgzMDBcdTAwM2UiXV0.jpg?sha=8b31fb51f726d4db,35.3,27.9,984.87
Unused preparatory drawing for In Memory of My Feelings,Elaine de Kooning,(American),1920,-1920,1989,-1989,(Female),10,,1967,Mixed media,Ink and charcoal on acetate,"13 15/16 x 11"" (35.4 x 27.9 cm)",Gift of the artist,Drawing,Drawings & Prints,1967,10/18/67,http://www.moma.org/collection/works/125394,http://www.moma.org/media/W1siZiIsIjMwOTAzMSJdLFsicCIsImNvbnZlcnQiLCItcmVzaXplIDMwMHgzMDBcdTAwM2UiXV0.jpg?sha=eecaa2bf5f5a49c3,35.4,27.9,987.66
Unused preparatory drawing for In Memory of My Feelings,Elaine de Kooning,(American),1920,-1920,1989,-1989,(Female),11,11,1967,Mixed media,Ink and charcoal on acetate,"13 15/16 x 11"" (35.4 x 27.9 cm)",Gift of the artist,Drawing,Drawings & Prints,1967,10/18/67,http://www.moma.org/collection/works/125395,http://www.moma.org/media/W1siZiIsIjMwOTAzMiJdLFsicCIsImNvbnZlcnQiLCItcmVzaXplIDMwMHgzMDBcdTAwM2UiXV0.jpg?sha=ac9de4ea388359ca,35.4,27.9,987.66
In-text plate (folios 79 verso and 80 recto) from In Memory of My Feelings,Grace Hartigan,(American),1922,-1922,2008,-2008,(Female),1,,1967,Lithograph,One from an illustrated book with forty-six lithographs,"composition (irreg.): 11 15/16 x 17 3/8"" (30.4 x 44.2cm); page (two-page spread): 11 15/16 x 17 15/16"" (30.4 x 45.6 cm)",Gift of The Museum of Modern Art Department of Publications,Illustrated Book,Drawings & Prints,1968,2/5/68,http://www.moma.org/collection/works/11195,http://www.moma.org/media/W1siZiIsIjMwMzM0NyJdLFsicCIsImNvbnZlcnQiLCItcmVzaXplIDMwMHgzMDBcdTAwM2UiXV0.jpg?sha=b65d2b2c91e953de,30.4,44.2,1343.68
Cover from Salute,Grace Hartigan,(American),1922,-1922,2008,-2008,(Female),2,,1960,Screenprint,Screenprint from an illustrated book with five screenprints,"composition (irreg.): 11 13/16 × 13 7/8"" (30 × 35.2 cm); page: 17 5/16 × 14 1/8"" (44 × 35.8 cm)",Gift of Richard Miller,Illustrated Book,Drawings & Prints,1964,2/11/64,http://www.moma.org/collection/works/11410,http://www.moma.org/media/W1siZiIsIjE4OTY0MiJdLFsicCIsImNvbnZlcnQiLCItcmVzaXplIDMwMHgzMDBcdTAwM2UiXV0.jpg?sha=6b109e7796e45cf4,30,35.2,1056
Salute,Grace Hartigan,(American),1922,-1922,2008,-2008,(Female),3,,1960,Screenprint,Illustrated book with five screenprints,"composition (see child records): dimensions vary; page (each approx.): 17 5/16 × 14 1/8"" (44 × 35.8 cm)",Gift of Richard Miller,Illustrated Book,Drawings & Prints,1964,2/11/64,http://www.moma.org/collection/works/11411,http://www.moma.org/media/W1siZiIsIjE5MjExMiJdLFsicCIsImNvbnZlcnQiLCItcmVzaXplIDMwMHgzMDBcdTAwM2UiXV0.jpg?sha=fcbca54c11f067c0,44,35.8,1575.2
Title page from Salute,Grace Hartigan,(American),1922,-1922,2008,-2008,(Female),4,,1960,Screenprint,Screenprint from an illustrated book with five screenprints,"composition (irreg.): 11 5/8 × 13 7/8"" (29.6 × 35.3 cm); page: 17 5/16 × 14 1/8"" (44 × 35.8 cm)",Gift of Richard Miller,Illustrated Book,Drawings & Prints,1964,2/11/64,http://www.moma.org/collection/works/11412,http://www.moma.org/media/W1siZiIsIjE4OTY0NCJdLFsicCIsImNvbnZlcnQiLCItcmVzaXplIDMwMHgzMDBcdTAwM2UiXV0.jpg?sha=cbfda7bfd28871c6,29.6,35.3,1044.88
Plate (folio 8) from Salute,Grace Hartigan,(American),1922,-1922,2008,-2008,(Female),5,,1960,Screenprint,Screenprint from an illustrated book with five screenprints,"composition (irreg.): 17 3/16 × 14"" (43.7 × 35.5 cm); page: 17 5/16 × 14 1/8"" (44 × 35.8 cm)",Gift of Richard Miller,Illustrated Book,Drawings & Prints,1964,2/11/64,http://www.moma.org/collection/works/11413,http://www.moma.org/media/W1siZiIsIjE4OTY0NSJdLFsicCIsImNvbnZlcnQiLCItcmVzaXplIDMwMHgzMDBcdTAwM2UiXV0.jpg?sha=7e24ee39b34b15e2,43.7,35.5,1551.35
Plate (folio 12) from Salute,Grace Hartigan,(American),1922,-1922,2008,-2008,(Female),6,,1960,Screenprint,Screenprint from an illustrated book with five screenprints,"composition: 17 1/4 × 14"" (43.8 × 35.6 cm); page: 17 5/16 × 14 1/8"" (44 × 35.8 cm)",Gift of Richard Miller,Illustrated Book,Drawings & Prints,1964,2/11/64,http://www.moma.org/collection/works/11414,http://www.moma.org/media/W1siZiIsIjE4OTY0NiJdLFsicCIsImNvbnZlcnQiLCItcmVzaXplIDMwMHgzMDBcdTAwM2UiXV0.jpg?sha=9135989c95b42b2c,43.8,35.6,1559.28
Plate (folio 15) from Salute,Grace Hartigan,(American),1922,-1922,2008,-2008,(Female),7,,1960,Screenprint,Screenprint from an illustrated book with five screenprints,"composition (irreg.): 17 1/4 × 13 7/8"" (43.8 × 35.3 cm); page: 17 5/16 × 14 1/8"" (44 × 35.8 cm)",Gift of Richard Miller,Illustrated Book,Drawings & Prints,1964,2/11/64,http://www.moma.org/collection/works/11415,http://www.moma.org/media/W1siZiIsIjE4OTY0NyJdLFsicCIsImNvbnZlcnQiLCItcmVzaXplIDMwMHgzMDBcdTAwM2UiXV0.jpg?sha=baaa21e5233707bb,43.8,35.3,1546.14
"Untitled from Folder vol. I, no. I",Grace Hartigan,(American),1922,-1922,2008,-2008,(Female),8,,1953,Screenprint,Screenprint from a magazine with three screenprints,"composition (irreg.): 7 1/16 x 10 1/16"" (17.9 x 25.5 cm); sheet: 7 7/16 x 10 7/16"" (18.9 x 26.5 cm)",John B. Turner Fund,Illustrated Book,Drawings & Prints,1993,11/17/93,http://www.moma.org/collection/works/21928,http://www.moma.org/media/W1siZiIsIjE4MjI5OSJdLFsicCIsImNvbnZlcnQiLCItcmVzaXplIDMwMHgzMDBcdTAwM2UiXV0.jpg?sha=ec87c7bd8ca54608,17.9,25.5,456.45
"Folder, Vol. I, No. I",Grace Hartigan,(American),1922,-1922,2008,-2008,(Female),9,,1953,Screenprint,Magazine with three screenprints,"composition (see child records): dimensions vary; page (each): 10 1/4 × 7 9/16"" (26 × 19.2 cm)",John B. Turner Fund,Illustrated Book,Drawings & Prints,1993,11/17/93,http://www.moma.org/collection/works/21929,,26,19.2,499.2
"Untitled from Folder, Vol. I, No. I",Grace Hartigan,(American),1922,-1922,2008,-2008,(Female),10,,1953,Screenprint,Screenprint from a magazine with three screenprints,"composition (irreg.): 7 3/8 × 10 9/16"" (18.8 × 26.8 cm); sheet: 7 9/16 × 10 11/16"" (19.2 × 27.1 cm)",John B. Turner Fund,Illustrated Book,Drawings & Prints,1993,11/17/93,http://www.moma.org/collection/works/21930,http://www.moma.org/media/W1siZiIsIjE4MjMwMCJdLFsicCIsImNvbnZlcnQiLCItcmVzaXplIDMwMHgzMDBcdTAwM2UiXV0.jpg?sha=84179f188e7a1e34,18.8,26.8,503.84
"Untitled from Folder, Vol. I, No. I",Grace Hartigan,(American),1922,-1922,2008,-2008,(Female),11,,1953,Screenprint,Screenprint from a magazine with three screenprints,"composition (irreg.): 10 1/16 x 7"" (25.5 x 17.8 cm); sheet: 10 5/8 x 7 9/16"" (27 x 19.2 cm)",John B. Turner Fund,Illustrated Book,Drawings & Prints,1993,11/17/93,http://www.moma.org/collection/works/21931,http://www.moma.org/media/W1siZiIsIjE4MjMwMSJdLFsicCIsImNvbnZlcnQiLCItcmVzaXplIDMwMHgzMDBcdTAwM2UiXV0.jpg?sha=c11e60be158bec22,25.5,17.8,453.9
Atlanta in Arcadia from The Archaics,Grace Hartigan,(American),1922,-1922,2008,-2008,(Female),12,,1962,Lithograph,One from a series of seven lithographs,"composition (irreg.): 17 15/16 × 13 15/16"" (45.5 × 35.4 cm); sheet (irreg.): 25 3/16 × 20 1/16"" (64 × 51 cm)",Gift of Fay and Alfred Chandler,Print,Drawings & Prints,1995,1/24/95,http://www.moma.org/collection/works/60600,http://www.moma.org/media/W1siZiIsIjE4MTU5MiJdLFsicCIsImNvbnZlcnQiLCItcmVzaXplIDMwMHgzMDBcdTAwM2UiXV0.jpg?sha=2cf83b4dd9acf60a,45.5,35.4,1610.7
The Archaics,Grace Hartigan,(American),1922,-1922,2008,-2008,(Female),13,,1962,Lithograph,Series of seven lithographs,composition (see child records): dimensions vary; sheet (see child records): dimensions vary,Gift of Fay and Alfred Chandler,Print,Drawings & Prints,1995,1/24/95,http://www.moma.org/collection/works/60601,http://www.moma.org/media/W1siZiIsIjE4MTU5MiJdLFsicCIsImNvbnZlcnQiLCItcmVzaXplIDMwMHgzMDBcdTAwM2UiXV0.jpg?sha=2cf83b4dd9acf60a,,,0
Dido to Aeneas from The Archaics,Grace Hartigan,(American),1922,-1922,2008,-2008,(Female),14,,1962,Lithograph,One from a series of seven lithographs,"composition (irreg.): 13 3/4 × 17 3/8"" (34.9 × 44.2 cm); sheet (irreg.): 19 11/16 × 25 9/16"" (50 × 65 cm)",Gift of Fay and Alfred Chandler,Print,Drawings & Prints,1995,1/24/95,http://www.moma.org/collection/works/60602,http://www.moma.org/media/W1siZiIsIjE4MTU5MyJdLFsicCIsImNvbnZlcnQiLCItcmVzaXplIDMwMHgzMDBcdTAwM2UiXV0.jpg?sha=f2a8ec685e2dce82,34.9,44.2,1542.58
From Eyes Blue and Cold from The Archaics,Grace Hartigan,(American),1922,-1922,2008,-2008,(Female),15,,1962,Lithograph,One from a series of seven lithographs,"composition (irreg.): 15 3/4 × 14"" (40 × 35.6 cm); sheet (irreg.): 25 3/16 × 20 1/16"" (64 × 51 cm)",Gift of Fay and Alfred Chandler,Print,Drawings & Prints,1995,1/24/95,http://www.moma.org/collection/works/60603,http://www.moma.org/media/W1siZiIsIjE4MTU5NCJdLFsicCIsImNvbnZlcnQiLCItcmVzaXplIDMwMHgzMDBcdTAwM2UiXV0.jpg?sha=00ee58991dff8446,40,35.6,1424
Green Awnings from The Archaics,Grace Hartigan,(American),1922,-1922,2008,-2008,(Female),16,,1962,Lithograph,One from a series of seven lithographs,"composition (irreg.): 17 15/16 × 14 3/16"" (45.5 × 36.1 cm); sheet (irreg.): 25 3/16 × 20 3/16"" (64 × 51.2 cm)",Gift of Fay and Alfred Chandler,Print,Drawings & Prints,1995,1/24/95,http://www.moma.org/collection/works/60604,http://www.moma.org/media/W1siZiIsIjE4MTU5NSJdLFsicCIsImNvbnZlcnQiLCItcmVzaXplIDMwMHgzMDBcdTAwM2UiXV0.jpg?sha=5b428c26634db5de,45.5,36.1,1642.55
In the Campagna from The Archaics,Grace Hartigan,(American),1922,-1922,2008,-2008,(Female),17,,1962,Lithograph,One from a series of seven lithographs,"composition (irreg.): 19 15/16 × 13 15/16"" (50.7 × 35.4 cm); sheet (irreg.): 25 3/16 × 20 1/8"" (64 × 51.1 cm)",Gift of Fay and Alfred Chandler,Print,Drawings & Prints,1995,1/24/95,http://www.moma.org/collection/works/60605,http://www.moma.org/media/W1siZiIsIjE4MTU5NiJdLFsicCIsImNvbnZlcnQiLCItcmVzaXplIDMwMHgzMDBcdTAwM2UiXV0.jpg?sha=bcadfbeace7dc3d5,50.7,35.4,1794.78
Palm Trees from The Archaics,Grace Hartigan,(American),1922,-1922,2008,-2008,(Female),18,,1962,Lithograph,One from a series of seven lithographs,"composition (irreg.): 19 13/16 × 14"" (50.3 × 35.6 cm); sheet (irreg.): 25 9/16 × 20 3/16"" (65 × 51.2 cm)",Gift of Fay and Alfred Chandler,Print,Drawings & Prints,1995,1/24/95,http://www.moma.org/collection/works/60606,http://www.moma.org/media/W1siZiIsIjE4MTU5NyJdLFsicCIsImNvbnZlcnQiLCItcmVzaXplIDMwMHgzMDBcdTAwM2UiXV0.jpg?sha=48c9cd1ce6469e1a,50.3,35.6,1790.68
Who Will Accept Our Offering at This End of Autumn? from The Archaics,Grace Hartigan,(American),1922,-1922,2008,-2008,(Female),19,,1962,Lithograph,One from a series of seven lithographs,"composition (irreg.): 14 × 17 15/16"" (35.5 × 45.5 cm); sheet (irreg.): 20 1/16 × 25 7/16"" (51 × 64.6 cm)",Gift of Fay and Alfred Chandler,Print,Drawings & Prints,1995,1/24/95,http://www.moma.org/collection/works/60607,http://www.moma.org/media/W1siZiIsIjE4MTU5OCJdLFsicCIsImNvbnZlcnQiLCItcmVzaXplIDMwMHgzMDBcdTAwM2UiXV0.jpg?sha=8956c59521d957df,35.5,45.5,1615.25
Inside - Outside,Grace Hartigan,(American),1922,-1922,2008,-2008,(Female),20,,1962,Lithograph,Lithograph,"composition: 17 15/16 x 13 3/4"" (45.5 x 35 cm); sheet (irreg.): 24 13/16 x 19 15/16"" (63.1 x 50.6 cm)",Gift of the Celeste and Armand Bartos Foundation,Print,Drawings & Prints,1962,12/11/62,http://www.moma.org/collection/works/67469,http://www.moma.org/media/W1siZiIsIjE4MjE0MiJdLFsicCIsImNvbnZlcnQiLCItcmVzaXplIDMwMHgzMDBcdTAwM2UiXV0.jpg?sha=1d55fc7923e480e1,45.5,35,1592.5
Pallas Athene,Grace Hartigan,(American),1922,-1922,2008,-2008,(Female),21,,1961,Lithograph,Lithograph,"composition (irreg.): 20 7/8 x 14 1/16"" (53 x 35.7 cm); sheet: 30 1/16 x 22 5/16"" (76.4 x 56.7 cm)",Gift of the Celeste and Armand Bartos Foundation,Print,Drawings & Prints,1963,6/12/63,http://www.moma.org/collection/works/67684,http://www.moma.org/media/W1siZiIsIjE4MjE3MyJdLFsicCIsImNvbnZlcnQiLCItcmVzaXplIDMwMHgzMDBcdTAwM2UiXV0.jpg?sha=75c1789135f14c4d,53,35.7,1892.1
Untitled from The Hero Leaves His Ship,Grace Hartigan,(American),1922,-1922,2008,-2008,(Female),22,,1960,Lithograph,One from a series of four lithographs,"composition (irreg.): 19 11/16 × 12 3/4"" (50 × 32.4 cm); sheet: 29 13/16 × 21 1/16"" (75.8 × 53.5 cm)",Gift of the artist,Print,Drawings & Prints,1961,12/13/61,http://www.moma.org/collection/works/68891,http://www.moma.org/media/W1siZiIsIjIyMDczOSJdLFsicCIsImNvbnZlcnQiLCItcmVzaXplIDMwMHgzMDBcdTAwM2UiXV0.jpg?sha=b5a81e4a9dd30840,50,32.4,1620
The Hero Leaves His Ship,Grace Hartigan,(American),1922,-1922,2008,-2008,(Female),23,,1960,Lithograph,Portfolio of series lithographs,composition (see child records): dimensions vary; sheet (see child records): dimensions vary,Gift of the artist,Print,Drawings & Prints,1961,12/13/61,http://www.moma.org/collection/works/68892,,,,0
Untitled from The Hero Leaves His Ship,Grace Hartigan,(American),1922,-1922,2008,-2008,(Female),24,,1960,Lithograph,One from a series of four lithographs,"composition (irreg.): 12 7/8 × 16 3/8"" (32.7 × 41.6 cm); sheet: 21 1/16 × 29 13/16"" (53.5 × 75.8 cm)",Gift of the artist,Print,Drawings & Prints,1961,12/13/61,http://www.moma.org/collection/works/68893,http://www.moma.org/media/W1siZiIsIjIyMDc0MCJdLFsicCIsImNvbnZlcnQiLCItcmVzaXplIDMwMHgzMDBcdTAwM2UiXV0.jpg?sha=5917d68935750b9a,32.7,41.6,1360.32
Untitled from The Hero Leaves His Ship,Grace Hartigan,(American),1922,-1922,2008,-2008,(Female),25,,1960,Lithograph,One from a series of four lithographs,"composition (irreg.): 20 1/2 × 14 3/4"" (52 × 37.4 cm); sheet: 29 13/16 × 21 1/4"" (75.8 × 54 cm)",Gift of the artist,Print,Drawings & Prints,1961,12/13/61,http://www.moma.org/collection/works/68894,http://www.moma.org/media/W1siZiIsIjIyMDc0MSJdLFsicCIsImNvbnZlcnQiLCItcmVzaXplIDMwMHgzMDBcdTAwM2UiXV0.jpg?sha=93b57189501151a6,52,37.4,1944.8
Untitled from The Hero Leaves His Ship,Grace Hartigan,(American),1922,-1922,2008,-2008,(Female),26,,1960,Lithograph,One from a series of four lithographs,"composition (irreg.): 12 13/16 × 20 7/16"" (32.6 × 51.9 cm); sheet: 21 1/4 × 29 15/16"" (54 × 76 cm)",Gift of the artist,Print,Drawings & Prints,1961,12/13/61,http://www.moma.org/collection/works/68895,http://www.moma.org/media/W1siZiIsIjIyMDc0MiJdLFsicCIsImNvbnZlcnQiLCItcmVzaXplIDMwMHgzMDBcdTAwM2UiXV0.jpg?sha=807c1c0fbcb0c543,32.6,51.9,1691.94
Green Awnings,Grace Hartigan,(American),1922,-1922,2008,-2008,(Female),27,,1962,Lithograph,Lithograph,"composition: 17 15/16 × 14 3/16"" (45.6 × 36 cm); sheet: 27 1/2 × 19 7/8"" (69.8 × 50.5 cm)",Gift of the Celeste and Armand Bartos Foundation,Print,Drawings & Prints,1966,12/6/66,http://www.moma.org/collection/works/72575,http://www.moma.org/media/W1siZiIsIjE4MjI2MCJdLFsicCIsImNvbnZlcnQiLCItcmVzaXplIDMwMHgzMDBcdTAwM2UiXV0.jpg?sha=e857ca5a45601811,45.6,36,1641.6
"Dido to Aeneas, Dido to Aeneas from the series The Archaics",Grace Hartigan,(American),1922,-1922,2008,-2008,(Female),28,,1962,Lithograph,Lithograph,"composition: 13 15/16 × 17 3/4"" (35.4 × 45.1 cm); sheet: 19 7/8 × 27 9/16"" (50.5 × 70 cm)",Gift of the Celeste and Armand Bartos Foundation,Print,Drawings & Prints,1966,12/6/66,http://www.moma.org/collection/works/72596,http://www.moma.org/media/W1siZiIsIjE4MjI2MiJdLFsicCIsImNvbnZlcnQiLCItcmVzaXplIDMwMHgzMDBcdTAwM2UiXV0.jpg?sha=2373069e9643b409,35.4,45.1,1596.54
In the Campagna from The Archaics,Grace Hartigan,(American),1922,-1922,2008,-2008,(Female),29,,1962,Lithograph,Lithograph,"composition: 20 5/16 x 13 11/16"" (51.5 x 34.8 cm); sheet: 27 1/2 x 19 13/16"" (70 x 50.4 cm)",Gift of the Celeste and Armand Bartos Foundation,Print,Drawings & Prints,1966,12/6/66,http://www.moma.org/collection/works/72630,http://www.moma.org/media/W1siZiIsIjE4MjI2MyJdLFsicCIsImNvbnZlcnQiLCItcmVzaXplIDMwMHgzMDBcdTAwM2UiXV0.jpg?sha=e04c63cff570f269,51.5,34.8,1792.2
"Palm Trees, Palm Trees from the series The Archaics",Grace Hartigan,(American),1922,-1922,2008,-2008,(Female),30,,1962,Lithograph,Lithograph,"composition: 19 7/8 × 14"" (50.5 × 35.5 cm); sheet: 27 1/2 × 19 15/16"" (69.8 × 50.6 cm)",Gift of the Celeste and Armand Bartos Foundation,Print,Drawings & Prints,1966,12/6/66,http://www.moma.org/collection/works/72655,http://www.moma.org/media/W1siZiIsIjE4MjI2NCJdLFsicCIsImNvbnZlcnQiLCItcmVzaXplIDMwMHgzMDBcdTAwM2UiXV0.jpg?sha=e9269b33b718439c,50.5,35.5,1792.75
"From Eyes Blue and Cold, From Eyes Blue and Cold from the series The Archaics",Grace Hartigan,(American),1922,-1922,2008,-2008,(Female),31,,1962,Lithograph,Lithograph,"composition: 16 × 14 3/16"" (40.6 × 36 cm); sheet: 27 1/2 × 19 7/8"" (69.8 × 50.5 cm)",Gift of the Celeste and Armand Bartos Foundation,Print,Drawings & Prints,1966,12/6/66,http://www.moma.org/collection/works/72669,http://www.moma.org/media/W1siZiIsIjE4MjI2NSJdLFsicCIsImNvbnZlcnQiLCItcmVzaXplIDMwMHgzMDBcdTAwM2UiXV0.jpg?sha=e0b3dd9a04b7fca1,40.6,36,1461.6
Atlanta in Arcadia from The Archaics,Grace Hartigan,(American),1922,-1922,2008,-2008,(Female),32,,1962,Lithograph,Lithograph,"composition: 18 3/16 × 14"" (46.2 × 35.5 cm); sheet: 27 1/2 × 19 7/8"" (69.8 × 50.5 cm)",Gift of the Celeste and Armand Bartos Foundation,Print,Drawings & Prints,1966,12/6/66,http://www.moma.org/collection/works/72689,http://www.moma.org/media/W1siZiIsIjE4MjI2NiJdLFsicCIsImNvbnZlcnQiLCItcmVzaXplIDMwMHgzMDBcdTAwM2UiXV0.jpg?sha=e66535049ffd8645,46.2,35.5,1640.1
"Who Will Accept Our Offering at the End of Autumn?, Who Will Accept Our Offering at the End of Autumn? from the series The Archaics",Grace Hartigan,(American),1922,-1922,2008,-2008,(Female),33,,1962,Lithograph,Lithograph,"composition: 14 × 18"" (35.5 × 45.7 cm); sheet: 8 3/8 × 27 3/8"" (21.2 × 69.6 cm)",Gift of the Celeste and Armand Bartos Foundation,Print,Drawings & Prints,1966,12/6/66,http://www.moma.org/collection/works/72705,http://www.moma.org/media/W1siZiIsIjE4MjI2NyJdLFsicCIsImNvbnZlcnQiLCItcmVzaXplIDMwMHgzMDBcdTAwM2UiXV0.jpg?sha=c76abd4058f2193b,35.5,45.7,1622.35
"Proof for Untitled from Folder, Vol. I, No. I",Grace Hartigan,(American),1922,-1922,2008,-2008,(Female),34,,1953,Screenprint,Screenprint,"composition (irreg.): 7 1/2 × 10 9/16"" (19.1 × 26.8 cm); sheet: 8 11/16 × 11 5/16"" (22 × 28.7 cm)",Gift of Daisy Aldan,Print,Drawings & Prints,1993,11/17/93,http://www.moma.org/collection/works/73278,http://www.moma.org/media/W1siZiIsIjE2MzUzMSJdLFsicCIsImNvbnZlcnQiLCItcmVzaXplIDMwMHgzMDBcdTAwM2UiXV0.jpg?sha=8c046ecdc1591d37,19.1,26.8,511.88
Shinnecock Canal,Grace Hartigan,(American),1922,-1922,2008,-2008,(Female),35,,1957,Oil,Oil on canvas,"7' 6 1/2"" x 6' 4"" (229.8 x 193 cm)",Gift of James Thrall Soby,Painting,Painting & Sculpture,1960,2/10/60,http://www.moma.org/collection/works/78375,http://www.moma.org/media/W1siZiIsIjE1OTEwOCJdLFsicCIsImNvbnZlcnQiLCItcmVzaXplIDMwMHgzMDBcdTAwM2UiXV0.jpg?sha=afc0cf2c7db229f9,229.8,193,44351.4
River Bathers,Grace Hartigan,(American),1922,-1922,2008,-2008,(Female),36,,1953,Oil,Oil on canvas,"69 3/8"" x 7' 4 3/4"" (176.2 x 225.5 cm)",Given anonymously,Painting,Painting & Sculpture,1954,4/6/54,http://www.moma.org/collection/works/78419,http://www.moma.org/media/W1siZiIsIjIzNDUwOCJdLFsicCIsImNvbnZlcnQiLCItcmVzaXplIDMwMHgzMDBcdTAwM2UiXV0.jpg?sha=46d4c1356562165b,176.2,225.5,39733.1
The Persian Jacket,Grace Hartigan,(American),1922,-1922,2008,-2008,(Female),37,,1952,Oil,Oil on canvas,"57 1/2 x 48"" (146 x 121.9 cm)",Gift of George Poindexter,Painting,Painting & Sculpture,1953,6/22/53,http://www.moma.org/collection/works/79636,http://www.moma.org/media/W1siZiIsIjE0NDY2NiJdLFsicCIsImNvbnZlcnQiLCItcmVzaXplIDMwMHgzMDBcdTAwM2UiXV0.jpg?sha=87bf535a6bdec8de,146,121.9,17797.4
Preparatory drawing for In Memory of My Feelings,Grace Hartigan,(American),1922,-1922,2008,-2008,(Female),38,,1967,Ink,Ink on acetate,"13 7/8 x 11"" (35.3 x 28 cm)",Gift of the artist,Drawing,Drawings & Prints,,,http://www.moma.org/collection/works/108234,http://www.moma.org/media/W1siZiIsIjMwOTAxNCJdLFsicCIsImNvbnZlcnQiLCItcmVzaXplIDMwMHgzMDBcdTAwM2UiXV0.jpg?sha=68474d7833dd247e,35.3,28,988.4
Preparatory drawing for In Memory of My Feelings,Grace Hartigan,(American),1922,-1922,2008,-2008,(Female),39,39,1967,Ink,Ink on acetate,"13 15/16 x 11"" (35.4 x 28 cm)",Gift of the artist,Drawing,Drawings & Prints,,,http://www.moma.org/collection/works/108235,http://www.moma.org/media/W1siZiIsIjMwOTAxNSJdLFsicCIsImNvbnZlcnQiLCItcmVzaXplIDMwMHgzMDBcdTAwM2UiXV0.jpg?sha=79135106d341de7d,35.4,28,991.2
Paris Review,Helen Frankenthaler,(American),1928,-1928,2011,-2011,(Female),1,,1967,Lithograph,Lithograph,"31 x 23"" (78.7 x 58.4 cm)","Gift of Page, Arbitrio and Resen",Design,Architecture & Design,1967,10/18/67,http://www.moma.org/collection/works/8988,http://www.moma.org/media/W1siZiIsIjEyMDk5Il0sWyJwIiwiY29udmVydCIsIi1yZXNpemUgMzAweDMwMFx1MDAzZSJdXQ.jpg?sha=01940de42a70dbbf,78.7,58.4,4596.08
In-text plate (folio 88 recto) from In Memory of My Feelings,Helen Frankenthaler,(American),1928,-1928,2011,-2011,(Female),2,,1967,Lithograph,One from an illustrated book with forty-six lithographs,"composition (irreg.): 11 15/16 x 9"" (30.4 x 22.8 cm); page: 11 15/16 x 9"" (30.4 x 22.8 cm)",Gift of The Museum of Modern Art Department of Publications,Illustrated Book,Drawings & Prints,1968,2/5/68,http://www.moma.org/collection/works/11199,http://www.moma.org/media/W1siZiIsIjMwMzM1MSJdLFsicCIsImNvbnZlcnQiLCItcmVzaXplIDMwMHgzMDBcdTAwM2UiXV0.jpg?sha=d1f5fae43a8dac8c,30.4,22.8,693.12
Great Meadows (recto); Untitled (Landscape) (verso),Helen Frankenthaler,(American),1928,-1928,2011,-2011,(Female),3,,1951,Watercolor,Watercolor and acrylic on paper (recto); Watercolor on paper (verso),"22 x 30 1/2"" (56 x 77.4 cm)",Purchase,Drawing,Drawings & Prints,1984,11/29/84,http://www.moma.org/collection/works/36579,http://www.moma.org/media/W1siZiIsIjEwNTk2OSJdLFsicCIsImNvbnZlcnQiLCItcmVzaXplIDMwMHgzMDBcdTAwM2UiXV0.jpg?sha=133b0386448e925a,55.9,77.5,4332.25
Message from Degas,Helen Frankenthaler,(American),1928,-1928,2011,-2011,(Female),4,,1972,Etching and aquatint,Etching and aquatint,"plate: 7 1/2 × 9 15/16"" (19.1 × 25.2 cm); sheet: 11 7/16 × 13 13/16"" (29 × 35.1 cm)",Gift of Barbara Pine,Print,Drawings & Prints,1987,1/15/87,http://www.moma.org/collection/works/59594,http://www.moma.org/media/W1siZiIsIjE2MzQzNCJdLFsicCIsImNvbnZlcnQiLCItcmVzaXplIDMwMHgzMDBcdTAwM2UiXV0.jpg?sha=8798caf94f118f5f,19.1,25.2,481.32
Flirting with Stone,Helen Frankenthaler,(American),1928,-1928,2011,-2011,(Female),5,,1985,Lithograph,Lithograph,,Gift of the artist in memory of Monroe Wheeler,Print,Drawings & Prints,1991,1/23/91,http://www.moma.org/collection/works/59669,http://www.moma.org/media/W1siZiIsIjE4MjcxMiJdLFsicCIsImNvbnZlcnQiLCItcmVzaXplIDMwMHgzMDBcdTAwM2UiXV0.jpg?sha=08da02f1ed947b19,,,0
Message from Degas,Helen Frankenthaler,(American),1928,-1928,2011,-2011,(Female),6,,1972,Etching and aquatint,Etching and aquatint,"plate: 7 7/16 × 9 13/16"" (18.9 × 25 cm); sheet: 13 3/4 × 17 1/8"" (34.9 × 43.5 cm)",Gift of Celeste Bartos,Print,Drawings & Prints,1975,1/7/75,http://www.moma.org/collection/works/59681,http://www.moma.org/media/W1siZiIsIjE2MzUzMCJdLFsicCIsImNvbnZlcnQiLCItcmVzaXplIDMwMHgzMDBcdTAwM2UiXV0.jpg?sha=df9301f67676e0e3,18.9,25,472.5
Savage Breeze,Helen Frankenthaler,(American),1928,-1928,2011,-2011,(Female),7,,1974,Woodcut,Woodcut,"composition (irreg.): 29 5/8 × 25"" (75.3 × 63.5 cm); sheet (irreg.): 31 7/8 × 27 13/16"" (81 × 70.6 cm)",Gift of Celeste Bartos,Print,Drawings & Prints,1975,1/7/75,http://www.moma.org/collection/works/59713,http://www.moma.org/media/W1siZiIsIjE1MDA5NiJdLFsicCIsImNvbnZlcnQiLCItcmVzaXplIDMwMHgzMDBcdTAwM2UiXV0.jpg?sha=845ba5dfe6819ace,75.3,63.5,4781.55
Bronze Smoke,Helen Frankenthaler,(American),1928,-1928,2011,-2011,(Female),8,,1978,Lithograph,Lithograph,"composition (irreg.): 25 1/8 × 18 13/16"" (63.8 × 47.8 cm); sheet: 31 1/4 × 22 5/8"" (79.4 × 57.5 cm)",Gift of Celeste Bartos,Print,Drawings & Prints,1979,1/23/79,http://www.moma.org/collection/works/60002,http://www.moma.org/media/W1siZiIsIjE4MTUyNiJdLFsicCIsImNvbnZlcnQiLCItcmVzaXplIDMwMHgzMDBcdTAwM2UiXV0.jpg?sha=237673049c57d63d,63.8,47.8,3049.64
Altitudes,Helen Frankenthaler,(American),1928,-1928,2011,-2011,(Female),9,,1978,Lithograph,Lithograph,"composition (irreg.): 22 1/8 × 22 9/16"" (56.2 × 57.3 cm); sheet (irreg.): 22 1/2 × 30 5/8"" (57.2 × 77.8 cm)",Gift of Celeste Bartos,Print,Drawings & Prints,1979,1/23/79,http://www.moma.org/collection/works/60023,http://www.moma.org/media/W1siZiIsIjE4MTUzMSJdLFsicCIsImNvbnZlcnQiLCItcmVzaXplIDMwMHgzMDBcdTAwM2UiXV0.jpg?sha=ff732d4a856f7445,56.2,57.3,3220.26
Nepenthe,Helen Frankenthaler,(American),1928,-1928,2011,-2011,(Female),10,,1972,Etching and aquatint,Etching and aquatint,"plate: 15 3/4 × 24 5/16"" (40 × 61.8 cm); sheet: 22 5/16 × 30"" (56.7 × 76.2 cm)",Gift of The International Council of The Museum of Modern Art in honor of Riva Castleman,Print,Drawings & Prints,1995,5/3/95,http://www.moma.org/collection/works/61856,http://www.moma.org/media/W1siZiIsIjE4MTQ4OSJdLFsicCIsImNvbnZlcnQiLCItcmVzaXplIDMwMHgzMDBcdTAwM2UiXV0.jpg?sha=48762e779a0ab8de,40,61.8,2472
Solarium,Helen Frankenthaler,(American),1928,-1928,2011,-2011,(Female),11,,1964,Lithograph,Lithograph,"composition: 17 15/16 × 13 3/4"" (45.5 × 35 cm); sheet (irreg.): 25 13/16 × 19 5/16"" (65.5 × 49 cm)",Gift of the Celeste and Armand Bartos Foundation,Print,Drawings & Prints,1964,2/11/64,http://www.moma.org/collection/works/62324,http://www.moma.org/media/W1siZiIsIjE4MTQ5OCJdLFsicCIsImNvbnZlcnQiLCItcmVzaXplIDMwMHgzMDBcdTAwM2UiXV0.jpg?sha=bea03923fcedd8fe,45.5,35,1592.5
Door,Helen Frankenthaler,(American),1928,-1928,2011,-2011,(Female),12,,1976,Lithograph,Lithograph,"composition (irreg.): 22 13/16 × 30 3/4"" (57.9 × 78.1 cm); sheet (irreg.): 28 5/8 × 41 1/2"" (72.7 × 105.4 cm)",Gift of Celeste Bartos,Print,Drawings & Prints,1979,5/1/79,http://www.moma.org/collection/works/62823,http://www.moma.org/media/W1siZiIsIjE4OTY4MSJdLFsicCIsImNvbnZlcnQiLCItcmVzaXplIDMwMHgzMDBcdTAwM2UiXV0.jpg?sha=d71807fa7e23224a,57.9,78.1,4521.99
East and Beyond,Helen Frankenthaler,(American),1928,-1928,2011,-2011,(Female),13,,1973,Woodcut,Woodcut,"composition: 23 3/4 x 17 15/16"" (60.4 x 45.6 cm); sheet (irreg.): 31 15/16 x 22 1/16"" (81.1 x 56.1 cm)",Gift of Celeste Bartos,Print,Drawings & Prints,1973,5/7/73,http://www.moma.org/collection/works/63444,http://www.moma.org/media/W1siZiIsIjE5MjE4NyJdLFsicCIsImNvbnZlcnQiLCItcmVzaXplIDMwMHgzMDBcdTAwM2UiXV0.jpg?sha=d070836803c0e1e7,60.4,45.6,2754.24
I Need Yellow,Helen Frankenthaler,(American),1928,-1928,2011,-2011,(Female),14,,1973,Lithograph,Lithograph,"composition (irreg.): 16 15/16 x 11 1/2"" (43 x 29.2 cm); sheet: 24 5/8 x 19 9/16"" (62.6 x 49.7 cm)",Gift of Celeste Bartos,Print,Drawings & Prints,1973,5/7/73,http://www.moma.org/collection/works/63469,http://www.moma.org/media/W1siZiIsIjE4MTUyNSJdLFsicCIsImNvbnZlcnQiLCItcmVzaXplIDMwMHgzMDBcdTAwM2UiXV0.jpg?sha=18d9ce8de50fc5d5,43,29.2,1255.6
Persian Garden,Helen Frankenthaler,(American),1928,-1928,2011,-2011,(Female),15,,1965,Lithograph,Lithograph,"composition (irreg.): 19 1/2 x 13 1/2"" (49.5 x 34.3 cm); sheet: 25 13/16 x 20 1/16"" (65.5 x 51 cm)",Gift of the Celeste and Armand Bartos Foundation,Print,Drawings & Prints,1966,2/8/66,http://www.moma.org/collection/works/63598,http://www.moma.org/media/W1siZiIsIjE4MTUyOCJdLFsicCIsImNvbnZlcnQiLCItcmVzaXplIDMwMHgzMDBcdTAwM2UiXV0.jpg?sha=2302c6031365f53f,49.5,34.3,1697.85
Lilac Arbor,Helen Frankenthaler,(American),1928,-1928,2011,-2011,(Female),16,,1970,Aquatint,Aquatint,"plate: 19 1/16 × 14 1/16"" (48.4 × 35.7 cm); sheet: 29 3/4 × 22 1/4"" (75.6 × 56.5 cm)",Gift of the Celeste and Armand Bartos Foundation,Print,Drawings & Prints,1970,5/12/70,http://www.moma.org/collection/works/63599,http://www.moma.org/media/W1siZiIsIjE4MTUyOSJdLFsicCIsImNvbnZlcnQiLCItcmVzaXplIDMwMHgzMDBcdTAwM2UiXV0.jpg?sha=07f7fe52681d04a8,48.4,35.7,1727.88
Weather Vane,Helen Frankenthaler,(American),1928,-1928,2011,-2011,(Female),17,,1969,Aquatint,Aquatint,"plate: 19 1/8 × 14 1/8"" (48.6 × 35.9 cm); sheet: 29 13/16 × 22 3/8"" (75.8 × 56.8 cm)",Gift of the Celeste and Armand Bartos Foundation,Print,Drawings & Prints,1970,5/12/70,http://www.moma.org/collection/works/63625,http://www.moma.org/media/W1siZiIsIjE4MTUzMCJdLFsicCIsImNvbnZlcnQiLCItcmVzaXplIDMwMHgzMDBcdTAwM2UiXV0.jpg?sha=013b470bbea5de68,48.6,35.9,1744.74
Post Card for James Schuyler,Helen Frankenthaler,(American),1928,-1928,2011,-2011,(Female),18,,1962,Lithograph,Lithograph,"composition (irreg.): 9 15/16 x 15"" (25.3 x 38.1 cm); sheet: 15 3/4 x 16 5/16"" (40 x 41.4 cm)",Gift of The Celeste and Armand Bartos Foundation,Print,Drawings & Prints,1967,4/11/67,http://www.moma.org/collection/works/64622,http://www.moma.org/media/W1siZiIsIjE4MTU0OSJdLFsicCIsImNvbnZlcnQiLCItcmVzaXplIDMwMHgzMDBcdTAwM2UiXV0.jpg?sha=f5fc5a5fb30bbad6,25.3,38.1,963.93
Comet,Helen Frankenthaler,(American),1928,-1928,2011,-2011,(Female),19,,1980,Etching and aquatint,Etching and aquatint,"plate: 15 13/16 × 19 11/16"" (40.1 × 50 cm); sheet (irreg.): 25 1/4 × 31 1/16"" (64.1 × 78.9 cm)",Purchase,Print,Drawings & Prints,1983,1/18/83,http://www.moma.org/collection/works/64641,http://www.moma.org/media/W1siZiIsIjE5MjI2NSJdLFsicCIsImNvbnZlcnQiLCItcmVzaXplIDMwMHgzMDBcdTAwM2UiXV0.jpg?sha=43f3f511d95ff2ef,40.1,50,2005
Crete,Helen Frankenthaler,(American),1928,-1928,2011,-2011,(Female),20,,1969,Etching and aquatint,Etching and aquatint,"plate: 13 1/2 × 18 7/8"" (34.3 × 47.9 cm); sheet: 22 3/8 × 27 1/8"" (56.8 × 68.9 cm)",Gift of Celeste Bartos,Print,Drawings & Prints,1972,5/8/72,http://www.moma.org/collection/works/64793,http://www.moma.org/media/W1siZiIsIjE4MTU1MCJdLFsicCIsImNvbnZlcnQiLCItcmVzaXplIDMwMHgzMDBcdTAwM2UiXV0.jpg?sha=b9b922d2e35c781b,34.3,47.9,1642.97
Venice II,Helen Frankenthaler,(American),1928,-1928,2011,-2011,(Female),21,,1969,Lithograph,Lithograph,"composition (irreg.): 17 1/2 x 17 1/4"" (44.5 x 43.8 cm); sheet: 31 1/8 x 23 1/2"" (79 x 59.7 cm)",Gift of Celeste Bartos,Print,Drawings & Prints,1972,5/8/72,http://www.moma.org/collection/works/64810,http://www.moma.org/media/W1siZiIsIjE5MjI3MCJdLFsicCIsImNvbnZlcnQiLCItcmVzaXplIDMwMHgzMDBcdTAwM2UiXV0.jpg?sha=e3051552cbbd7e32,44.5,43.8,1949.1
May 26 Backwards,Helen Frankenthaler,(American),1928,-1928,2011,-2011,(Female),22,,1961,Lithograph,Lithograph,"composition (irreg.): 17 3/16 x 14 5/16"" (43.6 x 36.3 cm); sheet: 31 1/8 x 22 3/8"" (79 x 56.8 cm)",Gift of the Celeste and Armand Bartos Foundation,Print,Drawings & Prints,1963,4/9/63,http://www.moma.org/collection/works/64934,http://www.moma.org/media/W1siZiIsIjE5MjI3NyJdLFsicCIsImNvbnZlcnQiLCItcmVzaXplIDMwMHgzMDBcdTAwM2UiXV0.jpg?sha=1d764c4964687875,43.6,36.3,1582.68
Brown Moons,Helen Frankenthaler,(American),1928,-1928,2011,-2011,(Female),23,,1961,Lithograph,Lithograph,"composition (irreg.): 13 3/8 × 17 1/2"" (34 × 44.5 cm); sheet: 22 3/8 × 31"" (56.8 × 78.7 cm)",Gift of the Celeste and Armand Bartos Foundation,Print,Drawings & Prints,1963,4/9/63,http://www.moma.org/collection/works/64951,http://www.moma.org/media/W1siZiIsIjIwODU2OCJdLFsicCIsImNvbnZlcnQiLCItcmVzaXplIDMwMHgzMDBcdTAwM2UiXV0.jpg?sha=6ea241cd2750fde2,34,44.5,1513
Yellow Span,Helen Frankenthaler,(American),1928,-1928,2011,-2011,(Female),24,,1968,Aquatint,Aquatint,"plate: 14 × 18 13/16"" (35.5 × 47.8 cm); sheet: 19 3/4 × 26 3/8"" (50.1 × 67 cm)",Gift of Dr. Joseph I. Singer,Print,Drawings & Prints,1974,4/23/74,http://www.moma.org/collection/works/65143,http://www.moma.org/media/W1siZiIsIjE3NzcyNiJdLFsicCIsImNvbnZlcnQiLCItcmVzaXplIDMwMHgzMDBcdTAwM2UiXV0.jpg?sha=fe64607d240164b3,35.5,47.8,1696.9
Skyframe Orbit,Helen Frankenthaler,(American),1928,-1928,2011,-2011,(Female),25,,1964,Etching and lithograph,Etching and lithograph,"composition (irreg.): 21 5/16 × 15 1/16"" (54.1 × 38.2 cm); sheet: 29 7/8 × 22 1/2"" (75.9 × 57.1 cm)",Gift of Celeste Bartos,Print,Drawings & Prints,1974,4/23/74,http://www.moma.org/collection/works/65165,http://www.moma.org/media/W1siZiIsIjE4MjExMSJdLFsicCIsImNvbnZlcnQiLCItcmVzaXplIDMwMHgzMDBcdTAwM2UiXV0.jpg?sha=985783c99ffd6308,54.1,38.2,2066.62
Southwest Blues,Helen Frankenthaler,(American),1928,-1928,2011,-2011,(Female),26,,1969,Lithograph,Lithograph,"composition (irreg.): 13 13/16 × 12 15/16"" (35.1 × 32.9 cm); sheet: 24 × 18 7/16"" (60.9 × 46.9 cm)",Gift of the Celeste and Armand Bartos Foundation,Print,Drawings & Prints,1969,4/16/69,http://www.moma.org/collection/works/65903,http://www.moma.org/media/W1siZiIsIjE4MjEyMCJdLFsicCIsImNvbnZlcnQiLCItcmVzaXplIDMwMHgzMDBcdTAwM2UiXV0.jpg?sha=7f0af3cf74cde3c7,35.1,32.9,1154.79
Variation I on Mauve Corner,Helen Frankenthaler,(American),1928,-1928,2011,-2011,(Female),27,,1969,Lithograph,Lithograph,"composition: 16 7/8 × 13 11/16"" (42.8 × 34.8 cm); sheet: 25 3/16 × 20 1/8"" (63.9 × 51.1 cm)",Gift of the Celeste and Armand Bartos Foundation,Print,Drawings & Prints,1969,4/16/69,http://www.moma.org/collection/works/65933,http://www.moma.org/media/W1siZiIsIjE4MjEyMSJdLFsicCIsImNvbnZlcnQiLCItcmVzaXplIDMwMHgzMDBcdTAwM2UiXV0.jpg?sha=b6d26be1e6c5936a,42.8,34.8,1489.44
Sky Frame,Helen Frankenthaler,(American),1928,-1928,2011,-2011,(Female),28,,1964,Lithograph,Lithograph,"composition (irreg.): 15 1/16 × 29 7/8"" (38.2 × 75.9 cm); sheet: 22 7/16 × 29 7/8"" (57 × 75.9 cm)",Gift of the Celeste and Armand Bartos Foundation,Print,Drawings & Prints,1964,4/14/64,http://www.moma.org/collection/works/65962,http://www.moma.org/media/W1siZiIsIjIwODY3NCJdLFsicCIsImNvbnZlcnQiLCItcmVzaXplIDMwMHgzMDBcdTAwM2UiXV0.jpg?sha=911ba5e06da2ca93,38.2,75.9,2899.38
Radius,Helen Frankenthaler,(American),1928,-1928,2011,-2011,(Female),29,,1993,Woodcut,Woodcut,"composition and sheet: 28 × 28"" (71.1 × 71.1 cm)",John B. Turner Fund,Print,Drawings & Prints,1994,5/26/94,http://www.moma.org/collection/works/66311,http://www.moma.org/media/W1siZiIsIjE4MjEyNyJdLFsicCIsImNvbnZlcnQiLCItcmVzaXplIDMwMHgzMDBcdTAwM2UiXV0.jpg?sha=2616328d002044aa,71.12014224,71.12014224,5058.074632
Connected by Joy,Helen Frankenthaler,(American),1928,-1928,2011,-2011,(Female),30,,1969,Etching and aquatint,Aquatint and etching,"plate: 14 3/16 × 19 1/8"" (36.1 × 48.5 cm); sheet: 16 9/16 × 21 3/16"" (42 × 53.8 cm)",Gift of Celeste Bartos,Print,Drawings & Prints,1973,10/24/73,http://www.moma.org/collection/works/66754,http://www.moma.org/media/W1siZiIsIjE4MjEzMyJdLFsicCIsImNvbnZlcnQiLCItcmVzaXplIDMwMHgzMDBcdTAwM2UiXV0.jpg?sha=6713df249f7b6c6b,36.1,48.5,1750.85
Free Wheeling,Helen Frankenthaler,(American),1928,-1928,2011,-2011,(Female),31,,1971,Etching,"Etching, with stencilled acrylic additions","composition: 32 1/2 × 23 5/8"" (82.5 × 60 cm); sheet: 42 × 30 3/16"" (106.7 × 76.7 cm)",Gift of Celeste Bartos,Print,Drawings & Prints,1971,3/30/71,http://www.moma.org/collection/works/66932,http://www.moma.org/media/W1siZiIsIjE5MDA5MSJdLFsicCIsImNvbnZlcnQiLCItcmVzaXplIDMwMHgzMDBcdTAwM2UiXV0.jpg?sha=7b142b6ec61d8337,82.5,60,4950
Cedar Hill,Helen Frankenthaler,(American),1928,-1928,2011,-2011,(Female),32,,1983,Woodcut,Woodcut,"composition and sheet: 20 7/16 x 25 1/8"" (51.9 x 63.8 cm)",Gift of Crown Point Press in celebration of its 25th anniversary,Print,Drawings & Prints,1987,10/20/87,http://www.moma.org/collection/works/67475,http://www.moma.org/media/W1siZiIsIjIwODgxNSJdLFsicCIsImNvbnZlcnQiLCItcmVzaXplIDMwMHgzMDBcdTAwM2UiXV0.jpg?sha=0d2f639c7ac61fc3,51.9,63.8,3311.22
East and Beyond with Orange,Helen Frankenthaler,(American),1928,-1928,2011,-2011,(Female),33,,1973,Woodcut,"Woodcut, with crayon addition","composition: 23 3/4 × 17 7/8"" (60.3 × 45.4 cm); sheet: 31 15/16 × 22 5/16"" (81.2 × 56.7 cm)",Gift of Celeste Bartos,Print,Drawings & Prints,1974,9/11/74,http://www.moma.org/collection/works/67996,http://www.moma.org/media/W1siZiIsIjE5MjQ0OSJdLFsicCIsImNvbnZlcnQiLCItcmVzaXplIDMwMHgzMDBcdTAwM2UiXV0.jpg?sha=8676bb132109af22,60.3,45.4,2737.62
Untitled from What Red Lines Can Do,Helen Frankenthaler,(American),1928,-1928,2011,-2011,(Female),34,,1970,Screenprint,One from a portfolio of five screenprints,"composition (irreg.): 24 1/8 × 26 1/8"" (61.3 × 66.4 cm); sheet: 38 11/16 × 26 3/16"" (98.3 × 66.5 cm)",,Print,Drawings & Prints,1978,5/22/78,http://www.moma.org/collection/works/68503,http://www.moma.org/media/W1siZiIsIjE4MTYwNiJdLFsicCIsImNvbnZlcnQiLCItcmVzaXplIDMwMHgzMDBcdTAwM2UiXV0.jpg?sha=e91d40a9b3c0b2e0,61.3,66.4,4070.32
What Red Lines Can Do,Helen Frankenthaler,(American),1928,-1928,2011,-2011,(Female),35,,1970,Screenprint,Portfolio of five screenprints,"composition (see child records): dimensions vary; sheet (each approx.): 38 11/16 × 26 3/16"" (98.3 × 66.5 cm)",Gift of Mr. and Mrs. Howard Sloan,Print,Drawings & Prints,1978,5/22/78,http://www.moma.org/collection/works/68504,,98.3,66.5,6536.95
Untitled from What Red Lines Can Do,Helen Frankenthaler,(American),1928,-1928,2011,-2011,(Female),36,,1970,Screenprint,One from a portfolio of five screenprints,"composition (irreg.): 24 1/2 × 26 3/16"" (62.3 × 66.5 cm); sheet: 38 11/16 × 26 3/16"" (98.3 × 66.5 cm)",,Print,Drawings & Prints,1978,5/22/78,http://www.moma.org/collection/works/68505,http://www.moma.org/media/W1siZiIsIjE4MTYwNyJdLFsicCIsImNvbnZlcnQiLCItcmVzaXplIDMwMHgzMDBcdTAwM2UiXV0.jpg?sha=3f753594402d94dc,62.3,66.5,4142.95
Untitled from What Red Lines Can Do,Helen Frankenthaler,(American),1928,-1928,2011,-2011,(Female),37,,1970,Screenprint,One from a portfolio of five screenprints,"composition (irreg.): 24 5/16 × 26 1/8"" (61.7 × 66.3 cm); sheet: 38 11/16 × 26 3/16"" (98.3 × 66.5 cm)",,Print,Drawings & Prints,1978,5/22/78,http://www.moma.org/collection/works/68506,http://www.moma.org/media/W1siZiIsIjE4MTYwOCJdLFsicCIsImNvbnZlcnQiLCItcmVzaXplIDMwMHgzMDBcdTAwM2UiXV0.jpg?sha=925d8d09e4e48789,61.7,66.3,4090.71
Untitled from What Red Lines Can Do,Helen Frankenthaler,(American),1928,-1928,2011,-2011,(Female),38,,1970,Screenprint,One from a portfolio of five screenprints,"composition (irreg.): 24 1/2 × 26 1/4"" (62.2 × 66.6 cm); sheet: 38 11/16 × 26 3/16"" (98.3 × 66.5 cm)",,Print,Drawings & Prints,1978,5/22/78,http://www.moma.org/collection/works/68507,http://www.moma.org/media/W1siZiIsIjE4MTYwOSJdLFsicCIsImNvbnZlcnQiLCItcmVzaXplIDMwMHgzMDBcdTAwM2UiXV0.jpg?sha=8f601875b764938d,62.2,66.6,4142.52
Untitled from What Red Lines Can Do,Helen Frankenthaler,(American),1928,-1928,2011,-2011,(Female),39,,1970,Screenprint,One from a portfolio of five screenprints,"composition (irreg.): 32 1/16 × 19 15/16"" (81.4 × 50.6 cm); sheet: 38 11/16 × 26 3/16"" (98.3 × 66.5 cm)",,Print,Drawings & Prints,1978,5/22/78,http://www.moma.org/collection/works/68508,http://www.moma.org/media/W1siZiIsIjE4MTYxMCJdLFsicCIsImNvbnZlcnQiLCItcmVzaXplIDMwMHgzMDBcdTAwM2UiXV0.jpg?sha=b59977a6870a515b,81.4,50.6,4118.84
Essence Mulberry,Helen Frankenthaler,(American),1928,-1928,2011,-2011,(Female),40,,1977,Woodcut,Woodcut,"composition: 25 x 18 7/8"" (63.5 x 48 cm); sheet: 39 3/4 x 18 5/8"" (101 x 47.3 cm)",John B. Turner Fund,Print,Drawings & Prints,1977,11/10/77,http://www.moma.org/collection/works/69050,http://www.moma.org/media/W1siZiIsIjY0NjY1Il0sWyJwIiwiY29udmVydCIsIi1yZXNpemUgMzAweDMwMFx1MDAzZSJdXQ.jpg?sha=40958925ba80ee23,63.5,48,3048
Lot's Wife,Helen Frankenthaler,(American),1928,-1928,2011,-2011,(Female),41,,1971,Lithograph,Lithograph on two sheets,"composition (.a, irreg.): 37 9/16 × 27 3/8"" (95.4 × 69.6 cm); composition (.b, irreg.): 43 1/4 × 27 3/4"" (109.8 × 70.5 cm); sheet (.a, irreg.): 41 15/16 × 36 5/8"" (106.5 × 93 cm); sheet (.b, irreg.): 50 3/16 × 36 5/8"" (127.4 × 93 cm)",Gift of Celeste Bartos,Print,Drawings & Prints,1971,10/7/71,http://www.moma.org/collection/works/69940,http://www.moma.org/media/W1siZiIsIjE5MDM1OSJdLFsicCIsImNvbnZlcnQiLCItcmVzaXplIDMwMHgzMDBcdTAwM2UiXV0.jpg?sha=5e6b0557e08cf1bd,95.4,69.6,6639.84
Air Frame from New York Ten,Helen Frankenthaler,(American),1928,-1928,2011,-2011,(Female),42,,1965,Mixed Printmaking,"Screenprint from a portfolio with seven screenprints, one etching, one lithograph, and one embossing","composition and sheet: 21 15/16 x 17"" (55.8 x 43.2 cm)",Law Foundation Fund,Print,Drawings & Prints,1965,6/8/65,http://www.moma.org/collection/works/70502,http://www.moma.org/media/W1siZiIsIjE4MjIyNiJdLFsicCIsImNvbnZlcnQiLCItcmVzaXplIDMwMHgzMDBcdTAwM2UiXV0.jpg?sha=e2c45c6245b06e90,55.8,43.2,2410.56
Orange Hoop,Helen Frankenthaler,(American),1928,-1928,2011,-2011,(Female),43,,1965,Lithograph,Lithograph,"composition (irreg.): 19 1/8 x 13 7/8"" (48.6 x 35.2 cm); sheet: 25 11/16 x 20"" (65.2 x 50.8 cm)",Gift of the Celeste and Armand Bartos Foundation,Print,Drawings & Prints,1965,10/7/65,http://www.moma.org/collection/works/72337,http://www.moma.org/media/W1siZiIsIjE4MjI1NSJdLFsicCIsImNvbnZlcnQiLCItcmVzaXplIDMwMHgzMDBcdTAwM2UiXV0.jpg?sha=674cccce5c3a130b,48.6,35.2,1710.72
Silent Curtain,Helen Frankenthaler,(American),1928,-1928,2011,-2011,(Female),44,,1967,Lithograph,Lithograph,"composition (irreg.): 18 15/16 x 14 7/16"" (48.1 x 36.7 cm); sheet: 30 1/16 x 22 5/16"" (76.4 x 56.7 cm)",Gift of the Celeste and Armand Bartos Foundation,Print,Drawings & Prints,1969,10/28/69,http://www.moma.org/collection/works/74518,http://www.moma.org/media/W1siZiIsIjE4MjMxNiJdLFsicCIsImNvbnZlcnQiLCItcmVzaXplIDMwMHgzMDBcdTAwM2UiXV0.jpg?sha=527414df258bc3d6,48.1,36.7,1765.27
Venice,Helen Frankenthaler,(American),1928,-1928,2011,-2011,(Female),45,,1969,Lithograph,Lithograph,"composition (irreg.): 17 7/16 x 17 1/16"" (44.3 x 43.3 cm); sheet: 31 1/16 x 23 1/8"" (78.9 x 58.7 cm)",Gift of the Celeste and Armand Bartos Foundation,Print,Drawings & Prints,1969,10/28/69,http://www.moma.org/collection/works/74522,http://www.moma.org/media/W1siZiIsIjIwOTQ3MiJdLFsicCIsImNvbnZlcnQiLCItcmVzaXplIDMwMHgzMDBcdTAwM2UiXV0.jpg?sha=6ba4cf48b6ee9a1c,44.3,43.3,1918.19
Variation II on Mauve Corner,Helen Frankenthaler,(American),1928,-1928,2011,-2011,(Female),46,,1969,Lithograph,Lithograph,"composition (irreg.): 13 11/16 x 16 13/16"" (34.7 x 42.7 cm); sheet: 20 x 25 1/16"" (50.8 x 63.6 cm)",Gift of the Celeste and Armand Bartos Foundation,Print,Drawings & Prints,1969,10/28/69,http://www.moma.org/collection/works/74526,http://www.moma.org/media/W1siZiIsIjE4MjMxNyJdLFsicCIsImNvbnZlcnQiLCItcmVzaXplIDMwMHgzMDBcdTAwM2UiXV0.jpg?sha=c394f995357a8b28,34.7,42.7,1481.69
A Slice of the Stone Itself,Helen Frankenthaler,(American),1928,-1928,2011,-2011,(Female),47,,1969,Lithograph,Lithograph,"composition (irreg.): 18 x 14 3/16"" (45.7 x 36 cm); sheet: 19 1/16 x 14 15/16"" (48.4 x 38 cm)",Gift of the Celeste and Armand Bartos Foundation,Print,Drawings & Prints,1969,10/28/69,http://www.moma.org/collection/works/74530,http://www.moma.org/media/W1siZiIsIjE4MjMxOCJdLFsicCIsImNvbnZlcnQiLCItcmVzaXplIDMwMHgzMDBcdTAwM2UiXV0.jpg?sha=34e63bbfe74b1cc8,45.7,36,1645.2
Sun Corner from The Metropolitan Scene,Helen Frankenthaler,(American),1928,-1928,2011,-2011,(Female),48,,1968,Screenprint,One from a portfolio of five screenprints on aluminum,"composition and panel:  36 x 36"" (91.4 x 91.4 cm)","Gift of Dr. and Mrs. Aaron H. Esman, in honor of René d'Harnoncourt",Print,Drawings & Prints,1968,10/10/68,http://www.moma.org/collection/works/76693,http://www.moma.org/media/W1siZiIsIjI5OTk4NSJdLFsicCIsImNvbnZlcnQiLCItcmVzaXplIDMwMHgzMDBcdTAwM2UiXV0.jpg?sha=275ee2e7a4c825f9,91.4,91.4,8353.96
White Portal,Helen Frankenthaler,(American),1928,-1928,2011,-2011,(Female),49,,1967,Lithograph,Lithograph,"composition: 19 3/16 × 14 5/8"" (48.8 × 37.2 cm); sheet: 29 15/16 × 22 3/8"" (76.1 × 56.8 cm)",Gift of the Celeste and Armand Bartos Foundation,Print,Drawings & Prints,1967,10/18/67,http://www.moma.org/collection/works/78030,http://www.moma.org/media/W1siZiIsIjE4MTU0OCJdLFsicCIsImNvbnZlcnQiLCItcmVzaXplIDMwMHgzMDBcdTAwM2UiXV0.jpg?sha=fd74fe8c4641ec07,48.8,37.2,1815.36
Jacob's Ladder,Helen Frankenthaler,(American),1928,-1928,2011,-2011,(Female),50,,1957,Oil,Oil on canvas,"9' 5 3/8"" x 69 7/8"" (287.9 x 177.5 cm)",Gift of Hyman N. Glickstein,Painting,Painting & Sculpture,1960,5/2/60,http://www.moma.org/collection/works/78722,http://www.moma.org/media/W1siZiIsIjQ3ODMxOCJdLFsicCIsImNvbnZlcnQiLCItcmVzaXplIDMwMHgzMDBcdTAwM2UiXV0.jpg?sha=1f1b0fe6b1f242cd,287.9,177.5,51102.25
Trojan Gates,Helen Frankenthaler,(American),1928,-1928,2011,-2011,(Female),51,,1955,Oil,Oil and enamel on canvas,"6' x 48 7/8"" (182.9 x 124.1 cm)",Gift of Mr. and Mrs. Allan D. Emil,Painting,Painting & Sculpture,1956,4/4/56,http://www.moma.org/collection/works/79081,http://www.moma.org/media/W1siZiIsIjIwNTEyMyJdLFsicCIsImNvbnZlcnQiLCItcmVzaXplIDMwMHgzMDBcdTAwM2UiXV0.jpg?sha=77ecde3c75857990,182.9,124.1,22697.89
Chairman of the Board,Helen Frankenthaler,(American),1928,-1928,2011,-2011,(Female),52,,1971,Acrylic,Acrylic and felt-tip pen on canvas,"7' 4 1/4"" x 16' 2 1/4"" (224.2 x 493.2 cm)",Nina and Gordon Bunshaft Bequest,Painting,Painting & Sculpture,1994,12/8/94,http://www.moma.org/collection/works/80139,http://www.moma.org/media/W1siZiIsIjcwMzA2Il0sWyJwIiwiY29udmVydCIsIi1yZXNpemUgMzAweDMwMFx1MDAzZSJdXQ.jpg?sha=e11ed9760b59c4c2,224.2,493.4,110620.28
Commune,Helen Frankenthaler,(American),1928,-1928,2011,-2011,(Female),53,,1969,Acrylic,Acrylic on canvas,"9' 3 1/2"" x 8' 9 1/4"" (282.5 x 267.2 cm)",Gift of the artist,Painting,Painting & Sculpture,1970,2/10/70,http://www.moma.org/collection/works/80543,http://www.moma.org/media/W1siZiIsIjc5NjA0Il0sWyJwIiwiY29udmVydCIsIi1yZXNpemUgMzAweDMwMFx1MDAzZSJdXQ.jpg?sha=bcb8424f3aac385d,282.5,267.2,75484
Mauve District,Helen Frankenthaler,(American),1928,-1928,2011,-2011,(Female),54,,1966,Acrylic,Acrylic on canvas,"8' 7"" x 7' 11"" (261.5 x 241.2 cm)",Mrs. Donald B. Straus Fund,Painting,Painting & Sculpture,1968,3/12/68,http://www.moma.org/collection/works/80712,http://www.moma.org/media/W1siZiIsIjI0MTQ2OCJdLFsicCIsImNvbnZlcnQiLCItcmVzaXplIDMwMHgzMDBcdTAwM2UiXV0.jpg?sha=a71b29df383907f0,261.5,241.2,63073.8
Lighthouse Series XIII,Helen Frankenthaler,(American),1928,-1928,2011,-2011,(Female),55,,1999,Acrylic,Synthetic polymer paint on paper,"24 x 35 3/4"" (61 x 90.8 cm)",The Judith Rothschild Foundation Contemporary Drawings Collection Gift,Drawing,Drawings & Prints,2005,5/10/05,http://www.moma.org/collection/works/95946,http://www.moma.org/media/W1siZiIsIjExODAwMiJdLFsicCIsImNvbnZlcnQiLCItcmVzaXplIDMwMHgzMDBcdTAwM2UiXV0.jpg?sha=da3486cba152a223,60.9601,90.8052,5535.494073
Lilac Sweep,Helen Frankenthaler,(American),1928,-1928,2011,-2011,(Female),56,,2006,Lithograph,Lithograph,"composition (irreg.): 16 x 20 1/16"" (40.7 x 51 cm); sheet: 22 5/16 x 27 1/2"" (56.6 x 69.8 cm)",Gift of Emily Fisher Landau,Print,Drawings & Prints,2007,3/7/07,http://www.moma.org/collection/works/105751,http://www.moma.org/media/W1siZiIsIjEyMTk5MSJdLFsicCIsImNvbnZlcnQiLCItcmVzaXplIDMwMHgzMDBcdTAwM2UiXV0.jpg?sha=b6545d3b3fc99973,40.7,51,2075.7
Vuillard's Chariot,Helen Frankenthaler,(American),1928,-1928,2011,-2011,(Female),57,,2006,Lithograph,Lithograph,"composition (irreg.): 18 1/8 x 24 1/4"" (46 x 61.6 cm); sheet: 24 5/8 x 30 1/4"" (62.5 x 76.8 cm)",Gift of Emily Fisher Landau,Print,Drawings & Prints,2007,3/7/07,http://www.moma.org/collection/works/105752,http://www.moma.org/media/W1siZiIsIjEyMTk5MiJdLFsicCIsImNvbnZlcnQiLCItcmVzaXplIDMwMHgzMDBcdTAwM2UiXV0.jpg?sha=107d003bb08d8b9b,46,61.6,2833.6
Preparatory drawing for In Memory of My Feelings,Helen Frankenthaler,(American),1928,-1928,2011,-2011,(Female),58,,1967,Mixed media,Pencil and ink on acetate,"13 15/16 × 11"" (35.4 × 28 cm)",Gift of the artist,Drawing,Drawings & Prints,1967,10/18/67,http://www.moma.org/collection/works/125373,http://www.moma.org/media/W1siZiIsIjMwOTAwMSJdLFsicCIsImNvbnZlcnQiLCItcmVzaXplIDMwMHgzMDBcdTAwM2UiXV0.jpg?sha=aa1ce8ef038bf266,35.4,28,991.2
Unused preparatory drawing for In Memory of My Feelings,Helen Frankenthaler,(American),1928,-1928,2011,-2011,(Female),59,,1967,Mixed media,Pencil and ink on acetate,"sheet: 13 3/4 x 10 7/8"" (34.9 x 27.6 cm)",Gift of the artist,Drawing,Drawings & Prints,1967,10/18/67,http://www.moma.org/collection/works/125374,http://www.moma.org/media/W1siZiIsIjMwOTk1NyJdLFsicCIsImNvbnZlcnQiLCItcmVzaXplIDMwMHgzMDBcdTAwM2UiXV0.jpg?sha=06f6772c65b642f2,34.9,27.6,963.24
Unused preparatory drawing for In Memory of My Feelings,Helen Frankenthaler,(American),1928,-1928,2011,-2011,(Female),60,,1967,Mixed media,".a: Pencil on acetate 
.b: Ink on acetate","sheet (each): 14 x 11"" (35.5 x 27.9 cm)",Gift of the artist,Drawing,Drawings & Prints,1967,10/18/67,http://www.moma.org/collection/works/125375,http://www.moma.org/media/W1siZiIsIjMwOTAwMiJdLFsicCIsImNvbnZlcnQiLCItcmVzaXplIDMwMHgzMDBcdTAwM2UiXV0.jpg?sha=3851086f9957b1e2,35.5,27.9,990.45
Unused preparatory drawing for In Memory of My Feelings,Helen Frankenthaler,(American),1928,-1928,2011,-2011,(Female),61,,1967,Mixed media,".a: Pencil on acetate
.b: Ink on acetate","sheet (.a): 14 x 11"" (35.5 x 27.9 cm); sheet (.b): 13 15/16 x 11"" (35.4 x 27.9 cm)",Gift of the artist,Drawing,Drawings & Prints,1967,10/18/67,http://www.moma.org/collection/works/125376,http://www.moma.org/media/W1siZiIsIjMwOTAwNCJdLFsicCIsImNvbnZlcnQiLCItcmVzaXplIDMwMHgzMDBcdTAwM2UiXV0.jpg?sha=f4c0c291ea875abc,35.5,27.9,990.45
Ramblas,Helen Frankenthaler,(American),1928,-1928,2011,-2011,(Female),62,62,1987,Mixed Printmaking,"Lithograph, drypoint, and etching","sheet: 34 1/4 × 27"" (87 × 68.6 cm)",Gift of Dian Woodner,Print,Drawings & Prints,2020,6/3/20,http://www.moma.org/collection/works/404618,,0,0,0
In-text plate (folio 2) from Poems,Joan Mitchell,(American),1925,-1925,1992,-1992,(Female),1,,1992,Lithograph,Lithograph from an illustrated book with eight lithographs,"composition (irreg.): 15 11/16 × 11 1/8"" (39.8 × 28.2 cm); page: 18 7/8 × 14 1/8"" (48 × 35.9 cm)",Gift of Tyler Graphics in memory of Joan Mitchell,Illustrated Book,Drawings & Prints,1993,1/18/93,http://www.moma.org/collection/works/10613,http://www.moma.org/media/W1siZiIsIjQ0NzEwNyJdLFsicCIsImNvbnZlcnQiLCItcmVzaXplIDMwMHgzMDBcdTAwM2UiXV0.jpg?sha=e40543fd44bde41c,39.8,28.2,1122.36
Poems,Joan Mitchell,(American),1925,-1925,1992,-1992,(Female),2,,1992,Lithograph,Illustrated book with eight lithographs,"composition (see child records): dimensions vary; page (each): 18 7/8 × 14 1/8"" (48 × 35.9 cm)",Gift of Tyler Graphics in memory of Joan Mitchell,Illustrated Book,Drawings & Prints,1993,1/18/93,http://www.moma.org/collection/works/10614,http://www.moma.org/media/W1siZiIsIjQ0NzEwOCJdLFsicCIsImNvbnZlcnQiLCItcmVzaXplIDMwMHgzMDBcdTAwM2UiXV0.jpg?sha=3bedbc353b91160a,48,35.9,1723.2
In-text plate (folio 3) from Poems,Joan Mitchell,(American),1925,-1925,1992,-1992,(Female),3,,1992,Lithograph,Lithograph from an illustrated book with eight lithographs,"composition (irreg.): 17 × 13 15/16"" (43.2 × 35.4 cm); page: 18 7/8 × 14 1/8"" (48 × 35.9 cm)",Gift of Tyler Graphics in memory of Joan Mitchell,Illustrated Book,Drawings & Prints,1993,1/18/93,http://www.moma.org/collection/works/10615,http://www.moma.org/media/W1siZiIsIjQ0NzEwOSJdLFsicCIsImNvbnZlcnQiLCItcmVzaXplIDMwMHgzMDBcdTAwM2UiXV0.jpg?sha=c1a9e8b2570eea04,43.2,35.4,1529.28
In-text plate (folio 4) from Poems,Joan Mitchell,(American),1925,-1925,1992,-1992,(Female),4,,1992,Lithograph,Lithograph from an illustrated book with eight lithographs,"composition (irreg.): 16 × 12 3/16"" (40.6 × 31 cm); page: 18 7/8 × 14 1/8"" (48 × 35.9 cm)",Gift of Tyler Graphics in memory of Joan Mitchell,Illustrated Book,Drawings & Prints,1993,1/18/93,http://www.moma.org/collection/works/10616,http://www.moma.org/media/W1siZiIsIjQ0NzExMCJdLFsicCIsImNvbnZlcnQiLCItcmVzaXplIDMwMHgzMDBcdTAwM2UiXV0.jpg?sha=24dc90729f36d9e5,40.6,31,1258.6
Double page in-text plate (folios 5 verso and 6) from Poems,Joan Mitchell,(American),1925,-1925,1992,-1992,(Female),5,,1992,Lithograph,Lithograph from an illustrated book with eight lithographs,"composition (irreg.): 17 1/8 × 24 3/16"" (43.5 × 61.5 cm); page: 17 1/8 × 28 1/4"" (43.5 × 71.8 cm)",Gift of Tyler Graphics in memory of Joan Mitchell,Illustrated Book,Drawings & Prints,1993,1/18/93,http://www.moma.org/collection/works/10617,http://www.moma.org/media/W1siZiIsIjQ0NzExMSJdLFsicCIsImNvbnZlcnQiLCItcmVzaXplIDMwMHgzMDBcdTAwM2UiXV0.jpg?sha=4fc0035832d710bf,43.5,61.5,2675.25
Double page in-text plate (folios 7 verso and 8) from Poems,Joan Mitchell,(American),1925,-1925,1992,-1992,(Female),6,,1992,Lithograph,Lithograph from an illustrated book with eight lithographs,"composition (irreg.): 16 5/8 × 26 1/8"" (42.3 × 66.3 cm); page: 18 7/8 × 28 1/4"" (48 × 71.8 cm)",Gift of Tyler Graphics in memory of Joan Mitchell,Illustrated Book,Drawings & Prints,1993,1/18/93,http://www.moma.org/collection/works/10618,http://www.moma.org/media/W1siZiIsIjQ0NzExMiJdLFsicCIsImNvbnZlcnQiLCItcmVzaXplIDMwMHgzMDBcdTAwM2UiXV0.jpg?sha=743eb6f3f2fc52e1,42.3,66.3,2804.49
In-text plate (folio 9) from Bridge,Joan Mitchell,(American),1925,-1925,1992,-1992,(Female),7,,1992,Lithograph,Lithograph from an illustrated book with eight lithographs,"composition (irreg.): 15 9/16 × 12"" (39.5 × 30.5 cm); page: 18 7/8 × 14 1/8"" (48 × 35.9 cm)",Gift of Tyler Graphics in memory of Joan Mitchell,Illustrated Book,Drawings & Prints,1993,1/18/93,http://www.moma.org/collection/works/10619,http://www.moma.org/media/W1siZiIsIjQ0NzExMyJdLFsicCIsImNvbnZlcnQiLCItcmVzaXplIDMwMHgzMDBcdTAwM2UiXV0.jpg?sha=e1704ff9808ddd88,39.5,30.5,1204.75
In-text plate (folio 10) from Poems,Joan Mitchell,(American),1925,-1925,1992,-1992,(Female),8,,1992,Lithograph,Lithograph from an illustrated book with eight lithographs,"composition (irreg.): 16 1/4 × 13 3/16"" (41.3 × 33.5 cm); page: 18 7/8 × 14 1/8"" (48 × 35.9 cm)",Gift of Tyler Graphics in memory of Joan Mitchell,Illustrated Book,Drawings & Prints,1993,1/18/93,http://www.moma.org/collection/works/10620,http://www.moma.org/media/W1siZiIsIjQ0NzExNCJdLFsicCIsImNvbnZlcnQiLCItcmVzaXplIDMwMHgzMDBcdTAwM2UiXV0.jpg?sha=d879006e921ea8ce,41.3,33.5,1383.55
In-text plate (folio 11) from Poems,Joan Mitchell,(American),1925,-1925,1992,-1992,(Female),9,,1992,Lithograph,Lithograph from an illustrated book with eight lithographs,"composition (irreg.): 16 5/8 × 13"" (42.2 × 33 cm); page: 18 7/8 × 14 1/8"" (48 × 35.9 cm)",Gift of Tyler Graphics in memory of Joan Mitchell,Illustrated Book,Drawings & Prints,1993,1/18/93,http://www.moma.org/collection/works/10621,http://www.moma.org/media/W1siZiIsIjQ0NzExNSJdLFsicCIsImNvbnZlcnQiLCItcmVzaXplIDMwMHgzMDBcdTAwM2UiXV0.jpg?sha=35b691e0fe6e7869,42.2,33,1392.6
Plate (folio 34 recto) from In Memory of My Feelings,Joan Mitchell,(American),1925,-1925,1992,-1992,(Female),10,,1967,Lithograph,One from an illustrated book with forty-six lithographs,"composition (irreg.): 11 7/16 x 8 13/16"" (29 x 22.4cm); page: 11 15/16 x 9"" (30.4 x 22.8 cm)",Gift of The Museum of Modern Art Department of Publications,Illustrated Book,Drawings & Prints,1968,2/5/68,http://www.moma.org/collection/works/11173,http://www.moma.org/media/W1siZiIsIjMwMzMyNiJdLFsicCIsImNvbnZlcnQiLCItcmVzaXplIDMwMHgzMDBcdTAwM2UiXV0.jpg?sha=c65a2e37fbf85514,29,22.4,649.6
Cover from The Poems,Joan Mitchell,(American),1925,-1925,1992,-1992,(Female),11,,1960,Screenprint,One from an illustrated book with five screenprints (including cover),"composition (irreg.): 9 5/8 x 13 3/4"" (24.5 x 35 cm); page: 17 5/16 × 14 1/8"" (44 × 35.8 cm)",Gift of Richard Miller,Illustrated Book,Drawings & Prints,1964,2/11/64,http://www.moma.org/collection/works/11562,http://www.moma.org/media/W1siZiIsIjE4OTY3NSJdLFsicCIsImNvbnZlcnQiLCItcmVzaXplIDMwMHgzMDBcdTAwM2UiXV0.jpg?sha=398e15f5de3a92e7,24.5,35,857.5
The Poems,Joan Mitchell,(American),1925,-1925,1992,-1992,(Female),12,,1960,Screenprint,Illustrated book with five screenprints (including cover),"composition (see child records): dimensions vary; page (each): 17 5/16 × 14 1/8"" (44 × 35.8 cm)",Gift of Richard Miller,Illustrated Book,Drawings & Prints,1964,2/11/64,http://www.moma.org/collection/works/11563,http://www.moma.org/media/W1siZiIsIjE4OTY3NiJdLFsicCIsImNvbnZlcnQiLCItcmVzaXplIDMwMHgzMDBcdTAwM2UiXV0.jpg?sha=c97e8015647b7ba8,44,35.8,1575.2
Title page from The Poems,Joan Mitchell,(American),1925,-1925,1992,-1992,(Female),13,,1960,Screenprint,One from an illustrated book with five screenprints (including cover),"composition (irreg.): 9 1/4 × 13 11/16"" (23.5 × 34.8 cm); page: 17 5/16 × 14 1/8"" (44 × 35.8 cm)",Gift of Richard Miller,Illustrated Book,Drawings & Prints,1964,2/11/64,http://www.moma.org/collection/works/11564,http://www.moma.org/media/W1siZiIsIjE4OTY3OCJdLFsicCIsImNvbnZlcnQiLCItcmVzaXplIDMwMHgzMDBcdTAwM2UiXV0.jpg?sha=9d99453d8cf098fa,23.5,34.8,817.8
Plate (folio 7) from The Poems,Joan Mitchell,(American),1925,-1925,1992,-1992,(Female),14,,1960,Screenprint,One from an illustrated book with five screenprints (including cover),"composition (irreg.): 17 1/4 × 13 3/4"" (43.8 × 35 cm); page: 17 5/16 × 14 1/8"" (44 × 35.8 cm)",Gift of Richard Miller,Illustrated Book,Drawings & Prints,1964,2/11/64,http://www.moma.org/collection/works/11565,http://www.moma.org/media/W1siZiIsIjE4OTY3OSJdLFsicCIsImNvbnZlcnQiLCItcmVzaXplIDMwMHgzMDBcdTAwM2UiXV0.jpg?sha=a0f562ccd0505614,43.8,35,1533
Plate (folio 11) from The Poems,Joan Mitchell,(American),1925,-1925,1992,-1992,(Female),15,,1960,Screenprint,One from an illustrated book with five screenprints (including cover),"composition (irreg.): 17 3/8 × 13 13/16"" (44.1 × 35.1 cm); page: 17 5/16 × 14 1/8"" (44 × 35.8 cm)",Gift of Richard Miller,Illustrated Book,Drawings & Prints,1964,2/11/64,http://www.moma.org/collection/works/11566,http://www.moma.org/media/W1siZiIsIjE4OTY4MCJdLFsicCIsImNvbnZlcnQiLCItcmVzaXplIDMwMHgzMDBcdTAwM2UiXV0.jpg?sha=597ad7ebfa35ce27,44.1,35.1,1547.91
Plate (folio 16) from The Poems,Joan Mitchell,(American),1925,-1925,1992,-1992,(Female),16,,1960,Screenprint,One from an illustrated book with five screenprints (including cover),"composition (irreg.): 17 1/4 × 13 15/16"" (43.8 × 35.4 cm); page: 17 5/16 × 14 1/8"" (44 × 35.8 cm)",Gift of Richard Miller,Illustrated Book,Drawings & Prints,1964,2/11/64,http://www.moma.org/collection/works/11567,http://www.moma.org/media/W1siZiIsIjE5MjE1MiJdLFsicCIsImNvbnZlcnQiLCItcmVzaXplIDMwMHgzMDBcdTAwM2UiXV0.jpg?sha=f22e01c6b251be2e,43.8,35.4,1550.52
Plate (folio 3 verso) from Smoke,Joan Mitchell,(American),1925,-1925,1992,-1992,(Female),17,,1988,Aquatint,Aquatint from an illustrated book with 16 aquatints (one with etching),"plate: 6 × 7 13/16"" (15.2 × 19.8 cm); page: 14 × 9 1/16"" (35.5 × 23 cm)",Johanna and Leslie J. Garfield Fund,Illustrated Book,Drawings & Prints,1989,5/30/89,http://www.moma.org/collection/works/11978,,15.2,19.8,300.96
Smoke,Joan Mitchell,(American),1925,-1925,1992,-1992,(Female),18,,1988,Aquatint,Illustrated book with 16 aquatints (one with etching),"composition (see child records): dimensions vary; page (each): 14 × 9 1/16"" (35.5 × 23 cm)",Johanna and Leslie J. Garfield Fund,Illustrated Book,Drawings & Prints,1989,5/30/89,http://www.moma.org/collection/works/11979,,35.5,23,816.5
Double page in-text plate (folios 21 verso and 22) from Smoke,Joan Mitchell,(American),1925,-1925,1992,-1992,(Female),19,,1988,Aquatint,Aquatint from an illustrated book with 16 aquatints (one with etching),"plate (irreg.): 5 7/8 × 14 7/8"" (15 × 37.8 cm); page (each): 14 × 9 1/16"" (35.5 × 23 cm)",Johanna and Leslie J. Garfield Fund,Illustrated Book,Drawings & Prints,1989,5/30/89,http://www.moma.org/collection/works/11980,,15,37.8,567
Plate (folio 23 verso) from Smoke,Joan Mitchell,(American),1925,-1925,1992,-1992,(Female),20,,1988,Aquatint,Aquatint from an illustrated book with 16 aquatints (one with etching),"plate: 7 3/16 × 7 15/16"" (18.3 × 20.1 cm); page: 14 × 9 1/16"" (35.5 × 23 cm)",Johanna and Leslie J. Garfield Fund,Illustrated Book,Drawings & Prints,1989,5/30/89,http://www.moma.org/collection/works/11981,,18.3,20.1,367.83
Plate (folio 25 verso) from Smoke,Joan Mitchell,(American),1925,-1925,1992,-1992,(Female),21,,1988,Aquatint,Aquatint from an illustrated book with 16 aquatints (one with etching),"plate: 7 3/16 × 7 7/8"" (18.2 × 20 cm); page: 14 × 9 1/16"" (35.5 × 23 cm)",Johanna and Leslie J. Garfield Fund,Illustrated Book,Drawings & Prints,1989,5/30/89,http://www.moma.org/collection/works/11982,,18.2,20,364
Plate (folio 27 verso) from Smoke,Joan Mitchell,(American),1925,-1925,1992,-1992,(Female),22,,1988,Aquatint,Aquatint from an illustrated book with 16 aquatints (one with etching),"plate: 7 3/16 × 7 7/8"" (18.3 × 20 cm); page: 14 × 9 1/16"" (35.5 × 23 cm)",Johanna and Leslie J. Garfield Fund,Illustrated Book,Drawings & Prints,1989,5/30/89,http://www.moma.org/collection/works/11983,,18.3,20,366
Plate (folio 29 verso) from Smoke,Joan Mitchell,(American),1925,-1925,1992,-1992,(Female),23,,1988,Aquatint,Aquatint from an illustrated book with 16 aquatints (one with etching),"plate: 7 3/16 × 7 7/8"" (18.3 × 20 cm); page: 14 × 9 1/16"" (35.5 × 23 cm)",Johanna and Leslie J. Garfield Fund,Illustrated Book,Drawings & Prints,1989,5/30/89,http://www.moma.org/collection/works/11984,,18.3,20,366
Plate (folio 31 verso) from Smoke,Joan Mitchell,(American),1925,-1925,1992,-1992,(Female),24,,1988,Aquatint,Aquatint from an illustrated book with 16 aquatints (one with etching),"plate: 6 × 7 7/8"" (15.2 × 20 cm); page: 14 × 9 1/16"" (35.5 × 23 cm)",Johanna and Leslie J. Garfield Fund,Illustrated Book,Drawings & Prints,1989,5/30/89,http://www.moma.org/collection/works/11985,,15.2,20,304
Plate (folio 33 verso) from Smoke,Joan Mitchell,(American),1925,-1925,1992,-1992,(Female),25,,1988,Aquatint,Aquatint from an illustrated book with 16 aquatints (one with etching),"plate: 7 3/16 × 7 7/8"" (18.3 × 20 cm); page: 14 × 9 1/16"" (35.5 × 23 cm)",Johanna and Leslie J. Garfield Fund,Illustrated Book,Drawings & Prints,1989,5/30/89,http://www.moma.org/collection/works/11986,,18.3,20,366
Plate (folio 5 verso) from Smoke,Joan Mitchell,(American),1925,-1925,1992,-1992,(Female),26,,1988,Aquatint,Aquatint from an illustrated book with 16 aquatints (one with etching),"plate: 6 × 7 13/16"" (15.2 × 19.8 cm); page: 14 × 9 1/16"" (35.5 × 23 cm)",Johanna and Leslie J. Garfield Fund,Illustrated Book,Drawings & Prints,1989,5/30/89,http://www.moma.org/collection/works/11987,,15.2,19.8,300.96
Plate (folio 7 verso) from Smoke,Joan Mitchell,(American),1925,-1925,1992,-1992,(Female),27,,1988,Aquatint,Aquatint from an illustrated book with 16 aquatints (one with etching),"plate: 7 3/16 × 7 15/16"" (18.3 × 20.2 cm); page: 14 × 9 1/16"" (35.5 × 23 cm)",Johanna and Leslie J. Garfield Fund,Illustrated Book,Drawings & Prints,1989,5/30/89,http://www.moma.org/collection/works/11988,,18.3,20.2,369.66
Plate (folio 9 verso) from Smoke,Joan Mitchell,(American),1925,-1925,1992,-1992,(Female),28,,1988,Aquatint,Aquatint from an illustrated book with 16 aquatints (one with etching),"plate: 7 3/16 × 7 7/8"" (18.2 × 20 cm); page: 14 × 9 1/16"" (35.5 × 23 cm)",Johanna and Leslie J. Garfield Fund,Illustrated Book,Drawings & Prints,1989,5/30/89,http://www.moma.org/collection/works/11989,,18.2,20,364
Plate (folio 11 verso) from Smoke,Joan Mitchell,(American),1925,-1925,1992,-1992,(Female),29,,1988,Aquatint,Aquatint and etching from an illustrated book with 16 aquatints (one with etching),"plate: 5 7/8 × 7 15/16"" (15 × 20.1 cm); page: 14 × 9 1/16"" (35.5 × 23 cm)",Johanna and Leslie J. Garfield Fund,Illustrated Book,Drawings & Prints,1989,5/30/89,http://www.moma.org/collection/works/11990,,15,20.1,301.5
Plate (folio 13 verso) from Smoke,Joan Mitchell,(American),1925,-1925,1992,-1992,(Female),30,,1988,Aquatint,Aquatint from an illustrated book with 16 aquatints (one with etching),"plate: 7 3/16 × 7 7/8"" (18.2 × 20 cm); page: 14 × 9 1/16"" (35.5 × 23 cm)",Johanna and Leslie J. Garfield Fund,Illustrated Book,Drawings & Prints,1989,5/30/89,http://www.moma.org/collection/works/11991,,18.2,20,364
Plate (folio 15 verso) from Smoke,Joan Mitchell,(American),1925,-1925,1992,-1992,(Female),31,,1988,Aquatint,Aquatint from an illustrated book with 16 aquatints (one with etching),"plate: 7 3/16 × 7 7/8"" (18.3 × 20 cm); page: 14 × 9 1/16"" (35.5 × 23 cm)",Johanna and Leslie J. Garfield Fund,Illustrated Book,Drawings & Prints,1989,5/30/89,http://www.moma.org/collection/works/11992,,18.3,20,366
Double page in-text plate (folios 17 verso and 18) from Smoke,Joan Mitchell,(American),1925,-1925,1992,-1992,(Female),32,,1988,Aquatint,Aquatint from an illustrated book with 16 aquatints (one with etching),"plate (irreg.): 5 7/8 × 12 5/16"" (15 × 31.3 cm); page (each): 14 × 9 1/16"" (35.5 × 23 cm)",Johanna and Leslie J. Garfield Fund,Illustrated Book,Drawings & Prints,1989,5/30/89,http://www.moma.org/collection/works/11993,,15,31.3,469.5
Plate (folio 19 verso) from Smoke,Joan Mitchell,(American),1925,-1925,1992,-1992,(Female),33,,1988,Aquatint,Aquatint from an illustrated book with 16 aquatints (one with etching),"plate: 5 15/16 × 7 3/4"" (15.1 × 19.7 cm); page: 14 × 9 1/16"" (35.5 × 23 cm)",Johanna and Leslie J. Garfield Fund,Illustrated Book,Drawings & Prints,1989,5/30/89,http://www.moma.org/collection/works/11994,,15.1,19.7,297.47
Double page plate (pages 92 and 93) from 1¢ Life,Joan Mitchell,(American),1925,-1925,1992,-1992,(Female),34,,1964,Lithograph,Lithograph from an illustrated book with sixty-two lithographs and reproductions,"composition: 15 3/4 × 22 1/4"" (40 × 56.5 cm); sheet (irreg.): 16 1/8 × 22 13/16"" (41 × 58 cm)","Gift of the author, Walasse Ting, the editor, Sam Francis, and the publisher, E. W. Kornfeld",Illustrated Book,Drawings & Prints,1964,11/10/64,http://www.moma.org/collection/works/32090,http://www.moma.org/media/W1siZiIsIjQ5MTI1OSJdLFsicCIsImNvbnZlcnQiLCItcmVzaXplIDMwMHgzMDBcdTAwM2UiXV0.jpg?sha=d5a3013f3b459b19,40,56.5,2260
Untitled,Joan Mitchell,(American),1925,-1925,1992,-1992,(Female),35,,1992,Pastel,Pastel on paper,"29 1/2 x 21 3/4"" (75 x 55.2 cm)",Purchased with funds provided by Marie-Josée and Henry R. Kravis,Drawing,Drawings & Prints,1996,3/14/96,http://www.moma.org/collection/works/33756,,75,55.2,4140
Sunflower IV,Joan Mitchell,(American),1925,-1925,1992,-1992,(Female),36,,1972,Etching and aquatint,Etching and aquatint,"composition (4 plates): 28 5/16 × 17 5/8"" (71.9 × 44.8 cm); sheet: 24 13/16 × 35 3/4"" (63 × 90.8 cm)",Janet K. Ruttenberg Fund,Print,Drawings & Prints,1977,2/10/77,http://www.moma.org/collection/works/60814,http://www.moma.org/media/W1siZiIsIjE5NDkxMiJdLFsicCIsImNvbnZlcnQiLCItcmVzaXplIDMwMHgzMDBcdTAwM2UiXV0.jpg?sha=0ef7643ea48a7296,24.1,15,361.5
Taillade,Joan Mitchell,(American),1925,-1925,1992,-1992,(Female),37,,1990,Oil,"Oil on canvas, two panels","8' 6 1/4"" x 13' 1 1/2"" (259.8 x 400 cm)","Gift of Galerie Jean Fournier, Enid A. Haupt Fund, and Helen Acheson Bequest (by exchange)",Painting,Painting & Sculpture,1990,10/9/90,http://www.moma.org/collection/works/79544,http://www.moma.org/media/W1siZiIsIjE1MTI5NCJdLFsicCIsImNvbnZlcnQiLCItcmVzaXplIDMwMHgzMDBcdTAwM2UiXV0.jpg?sha=efd3305929feba15,259.7,400,103880
Ladybug,Joan Mitchell,(American),1925,-1925,1992,-1992,(Female),38,,1957,Oil,Oil on canvas,"6' 5 7/8"" x 9' (197.9 x 274 cm)",Purchase,Painting,Painting & Sculpture,1961,12/13/61,http://www.moma.org/collection/works/79586,http://www.moma.org/media/W1siZiIsIjQ2MjU5MCJdLFsicCIsImNvbnZlcnQiLCItcmVzaXplIDMwMHgzMDBcdTAwM2UiXV0.jpg?sha=572ba2ce3401a041,197.9,274,54224.6
Grandes Carrières,Joan Mitchell,(American),1925,-1925,1992,-1992,(Female),39,,1961,Oil,Oil on canvas,"6' 6 3/4"" x 9' 10 1/4"" (200 x 300.5 cm)",Gift of The Estate of Joan Mitchell,Painting,Painting & Sculpture,1994,10/11/94,http://www.moma.org/collection/works/79710,http://www.moma.org/media/W1siZiIsIjQ3MDkxOSJdLFsicCIsImNvbnZlcnQiLCItcmVzaXplIDMwMHgzMDBcdTAwM2UiXV0.jpg?sha=f72656474d3f7e43,200,300.4,60080
No Rain,Joan Mitchell,(American),1925,-1925,1992,-1992,(Female),40,,1976,Oil,"Oil on canvas, two panels","9' 2"" x 13' 1 /58"" (279.5 x 400.4 cm)",Gift of The Estate of Joan Mitchell,Painting,Painting & Sculpture,1994,10/11/94,http://www.moma.org/collection/works/79711,http://www.moma.org/media/W1siZiIsIjE1OTIxOSJdLFsicCIsImNvbnZlcnQiLCItcmVzaXplIDMwMHgzMDBcdTAwM2UiXV0.jpg?sha=42daa9af16b4b92e,279.4,200,55880
Untitled,Joan Mitchell,(American),1925,-1925,1992,-1992,(Female),41,,1964,Oil,"Oil on canvas, three panels","63 7/8"" x 10' 7 7/8"" (162.4 x 324.8 cm)",Gift of The Estate of Joan Mitchell,Painting,Painting & Sculpture,1994,10/11/94,http://www.moma.org/collection/works/79712,http://www.moma.org/media/W1siZiIsIjE1OTIyMCJdLFsicCIsImNvbnZlcnQiLCItcmVzaXplIDMwMHgzMDBcdTAwM2UiXV0.jpg?sha=cd4c3353f1c477f1,162.2,97.2,15765.84
"Wood, Wind, No Tuba",Joan Mitchell,(American),1925,-1925,1992,-1992,(Female),42,,1980,Oil,"Oil on canvas, two panels","9' 2 1/4"" x 13 1 1/8"" (280 x 399.8 cm)",Gift of The Estate of Joan Mitchell,Painting,Painting & Sculpture,1994,10/11/94,http://www.moma.org/collection/works/79713,http://www.moma.org/media/W1siZiIsIjE1OTIyMSJdLFsicCIsImNvbnZlcnQiLCItcmVzaXplIDMwMHgzMDBcdTAwM2UiXV0.jpg?sha=181dd06be3d229bb,280,399.0982982,111747.5235
Preparatory drawing for In Memory of My Feelings,Joan Mitchell,(American),1925,-1925,1992,-1992,(Female),43,,1967,Crayon,Crayon on acetate,"sheet (each): 14 x 10 7/8"" (35.5 x 27.6 cm)",Gift of the artist,Drawing,Drawings & Prints,1967,12/13/67,http://www.moma.org/collection/works/97964,http://www.moma.org/media/W1siZiIsIjMwOTA2OCJdLFsicCIsImNvbnZlcnQiLCItcmVzaXplIDMwMHgzMDBcdTAwM2UiXV0.jpg?sha=9c45387e896abc8c,35.5,27.6,979.8
Unused preparatory drawing for In Memory of My Feelings,Joan Mitchell,(American),1925,-1925,1992,-1992,(Female),44,,1967,Crayon,Crayon on acetate,"sheet (.a): 14 x 11"" (35.5 x 27.9 cm); sheet (.b): 14 x 10 7/8"" (35.5 x 27.7 cm)",Gift of the artist,Drawing,Drawings & Prints,1967,12/13/67,http://www.moma.org/collection/works/125412,http://www.moma.org/media/W1siZiIsIjMwOTA2OSJdLFsicCIsImNvbnZlcnQiLCItcmVzaXplIDMwMHgzMDBcdTAwM2UiXV0.jpg?sha=df52aa36161afd45,35.5,27.9,990.45
Unused preparatory drawing for In Memory of My Feelings,Joan Mitchell,(American),1925,-1925,1992,-1992,(Female),45,,1967,Crayon,Crayon on acetate,"sheet (.a): 13 15/16 x 10 7/8"" (35.4 x 27.7 cm); sheet (.b): 14 x 11"" (35.5 x 28 cm)",Gift of the artist,Drawing,Drawings & Prints,1967,12/13/67,http://www.moma.org/collection/works/125413,http://www.moma.org/media/W1siZiIsIjMwOTA3MSJdLFsicCIsImNvbnZlcnQiLCItcmVzaXplIDMwMHgzMDBcdTAwM2UiXV0.jpg?sha=91f07cbed5a036b7,35.4,27.7,980.58
Untitled (Blue),Joan Mitchell,(American),1925,-1925,1992,-1992,(Female),46,,1975,Pastel,Pastel and typewriting on paper,"14 1/4 x 9"" (36.2 x 22.9 cm)",Gift of Sarah-Ann and Werner H. Kramarsky in honor of Maja Oeri,Drawing,Drawings & Prints,2012,2/14/12,http://www.moma.org/collection/works/146160,http://www.moma.org/media/W1siZiIsIjI0NjM3MCJdLFsicCIsImNvbnZlcnQiLCItcmVzaXplIDMwMHgzMDBcdTAwM2UiXV0.jpg?sha=8bca279a1d22c0f4,36.19507239,22.86004572,827.4210097
Untitled,Joan Mitchell,(American),1925,-1925,1992,-1992,(Female),47,47,1957,Oil,Oil on paper,"19 1/2 x 17 1/2"" (49.5 x 44.5 cm)",Committee on Drawings Funds,Drawing,Drawings & Prints,2012,2/14/12,http://www.moma.org/collection/works/156760,http://www.moma.org/media/W1siZiIsIjI1MzgxOCJdLFsicCIsImNvbnZlcnQiLCItcmVzaXplIDMwMHgzMDBcdTAwM2UiXV0.jpg?sha=a494b3920e19d970,49.53009906,44.4500889,2201.617306
In-text plate (folios 99 verso and 100 recto) from In Memory of My Feelings,Lee Krasner,(American),1908,-1908,1984,-1984,(Female),1,,1967,Lithograph,One from an illustrated book with forty-six lithographs,"composition (irreg.): 11 15/16 x 18"" (30.4 x 45.7cm); page (two-page spread): 11 15/16 x 17 15/16"" (30.4 x 45.6 cm)",Gift of The Museum of Modern Art Department of Publications,Illustrated Book,Drawings & Prints,1968,2/5/68,http://www.moma.org/collection/works/11206,http://www.moma.org/media/W1siZiIsIjMwMzM1OCJdLFsicCIsImNvbnZlcnQiLCItcmVzaXplIDMwMHgzMDBcdTAwM2UiXV0.jpg?sha=23f4c7edfbaf1bd5,30.4,45.7,1389.28
Preparatory drawing for In Memory of My Feelings,Lee Krasner,(American),1908,-1908,1984,-1984,(Female),2,,1967,Gouache,Gouache on acetate,"sheet (each): 13 15/16 x 10 7/8"" (35.4 x 27.7 cm)",Gift of the artist,Drawing,Drawings & Prints,1967,10/18/67,http://www.moma.org/collection/works/32444,http://www.moma.org/media/W1siZiIsIjMwOTA1NiJdLFsicCIsImNvbnZlcnQiLCItcmVzaXplIDMwMHgzMDBcdTAwM2UiXV0.jpg?sha=39650a93db981056,35.4,27.7,980.58
Unused preparatory drawing for In Memory of My Feelings,Lee Krasner,(American),1908,-1908,1984,-1984,(Female),3,,1967,Gouache,Gouache on acetate,"sheet (.a): 14 x 10 15/16"" (35.5 x 27.8 cm); sheet (.b): 13 15/16 x 10 15/16"" (35.4 x 27.8 cm)",Gift of the artist,Drawing,Drawings & Prints,1967,10/18/67,http://www.moma.org/collection/works/32445,http://www.moma.org/media/W1siZiIsIjMwOTA1OCJdLFsicCIsImNvbnZlcnQiLCItcmVzaXplIDMwMHgzMDBcdTAwM2UiXV0.jpg?sha=4afe0c29e736cf6a,35.5,27.8,986.9
Still Life,Lee Krasner,(American),1908,-1908,1984,-1984,(Female),4,,1938,Oil,Oil on paper,"19 x 25"" (48.4 x 63.5 cm)",Acquired with matching funds from The Edward John Noble Foundation and the National Endowment for the Arts,Drawing,Drawings & Prints,1977,2/2/77,http://www.moma.org/collection/works/33246,http://www.moma.org/media/W1siZiIsIjE4MjA1MiJdLFsicCIsImNvbnZlcnQiLCItcmVzaXplIDMwMHgzMDBcdTAwM2UiXV0.jpg?sha=ee57e5c2c188fb5f,48.4,63.5,3073.4
Untitled,Lee Krasner,(American),1908,-1908,1984,-1984,(Female),5,,1964,Mixed Media,"Felt-tip pen, pastel, and acrylic on paper","22 1/4 x 30 3/8"" (56.5 x 77.2 cm)",Acquired with matching funds from an anonymous donor and the National Endowment for the Arts,Drawing,Drawings & Prints,1977,2/2/77,http://www.moma.org/collection/works/33262,http://www.moma.org/media/W1siZiIsIjIyMzkxNCJdLFsicCIsImNvbnZlcnQiLCItcmVzaXplIDMwMHgzMDBcdTAwM2UiXV0.jpg?sha=08fbbd434818374f,56.5151,77.1527,4360.292556
Seated Nude,Lee Krasner,(American),1908,-1908,1984,-1984,(Female),6,,1940,Charcoal,Charcoal on paper,"25 x 18 7/8"" (63.5 x 48.0 cm)",Gift of Constance B. Cartwright,Drawing,Drawings & Prints,1976,3/23/76,http://www.moma.org/collection/works/34581,http://www.moma.org/media/W1siZiIsIjIxMDM4NSJdLFsicCIsImNvbnZlcnQiLCItcmVzaXplIDMwMHgzMDBcdTAwM2UiXV0.jpg?sha=88fc7ace69bed579,63.5,47.9,3041.65
Obsidian,Lee Krasner,(American),1908,-1908,1984,-1984,(Female),7,,1962,Lithograph,Lithograph,"composition (irreg.): 15 x 19 1/4"" (38.1 x 48.9 cm); sheet: 22 1/16 x 29 15/16"" (56.1 x 76 cm)",Gift of Mr. and Mrs. Samuel Rosenfeld (through the Associates of the Department of Prints and Illustrated Books),Print,Drawings & Prints,1980,10/28/80,http://www.moma.org/collection/works/71667,http://www.moma.org/media/W1siZiIsIjE5MDUxOCJdLFsicCIsImNvbnZlcnQiLCItcmVzaXplIDMwMHgzMDBcdTAwM2UiXV0.jpg?sha=f5228587320ecab3,38.1,48.9,1863.09
Gaea,Lee Krasner,(American),1908,-1908,1984,-1984,(Female),8,,1966,Oil,Oil on canvas,"69"" x 10' 5 1/2"" (175.3 x 318.8 cm)",Kay Sage Tanguy Fund,Painting,Painting & Sculpture,1977,5/10/77,http://www.moma.org/collection/works/79162,http://www.moma.org/media/W1siZiIsIjE5MzIzNCJdLFsicCIsImNvbnZlcnQiLCItcmVzaXplIDMwMHgzMDBcdTAwM2UiXV0.jpg?sha=b0089f1e489cfe5d,175.3,318.8,55885.64
Number 3 (Untitled),Lee Krasner,(American),1908,-1908,1984,-1984,(Female),9,,1951,Oil,Oil on canvas,"6' 10 1/2"" x 57 7/8"" (209.5 x 146.8 cm)",Mrs. Ruth Dunbar Cushing Fund,Painting,Painting & Sculpture,1969,3/11/69,http://www.moma.org/collection/works/79240,http://www.moma.org/media/W1siZiIsIjIwNDMxMyJdLFsicCIsImNvbnZlcnQiLCItcmVzaXplIDMwMHgzMDBcdTAwM2UiXV0.jpg?sha=af54a36e3031bc26,209.5,146.8,30754.6
Untitled,Lee Krasner,(American),1908,-1908,1984,-1984,(Female),10,10,1949,Oil,Oil on board,"48 x 37"" (121.9 x 93.9 cm)",Gift of Alfonso A. Ossorio,Painting,Painting & Sculpture,1969,6/10/69,http://www.moma.org/collection/works/79836,http://www.moma.org/media/W1siZiIsIjE3OTM3NSJdLFsicCIsImNvbnZlcnQiLCItcmVzaXplIDMwMHgzMDBcdTAwM2UiXV0.jpg?sha=250d57299dc7eedc,121.9,93.9,11446.41